[
 {
    "name": "Holidays",
    "id": 101000242,
    "id_course": 101000007,
    "mean": null,
    "total": 27,
    "num_word": null,
    "time_date": null
  },
  {
    "name": "Relationships",
    "id": 101000243,
    "id_course": 101000007,
    "mean": null,
    "total": 26,
    "num_word": null,
    "time_date": null
  },
  {
    "name": "Technology",
    "id": 101000244,
    "id_course": 101000007,
    "mean": null,
    "total": 28,
    "num_word": null,
    "time_date": null
  },
  {
    "name": "Sport",
    "id": 101000245,
    "id_course": 101000007,
    "mean": null,
    "total": 29,
    "num_word": null,
    "time_date": null
  },
  {
    "name": "Food",
    "id": 101000246,
    "id_course": 101000007,
    "mean": null,
    "total": 24,
    "num_word": null,
    "time_date": null
  },
  {
    "name": "Education",
    "id": 101000247,
    "id_course": 101000007,
    "mean": null,
    "total": 25,
    "num_word": null,
    "time_date": null
  },
  {
    "name": "Work",
    "id": 101000248,
    "id_course": 101000007,
    "mean": null,
    "total": 27,
    "num_word": null,
    "time_date": null
  },
  {
    "name": "Health",
    "id": 101000249,
    "id_course": 101000007,
    "mean": null,
    "total": 26,
    "num_word": null,
    "time_date": null
  },
  {
    "name": "Books and Films",
    "id": 101000250,
    "id_course": 101000007,
    "mean": null,
    "total": 35,
    "num_word": null,
    "time_date": null
  },
  {
    "name": "Accommodation",
    "id": 101000251,
    "id_course": 101000007,
    "mean": null,
    "total": 29,
    "num_word": null,
    "time_date": null
  },
  {
    "name": "Clothes and Fashion",
    "id": 101000252,
    "id_course": 101000007,
    "mean": null,
    "total": 30,
    "num_word": null,
    "time_date": null
  },
  {
    "name": "Peole- personality and character",
    "id": 101000253,
    "id_course": 101000007,
    "mean": null,
    "total": 26,
    "num_word": null,
    "time_date": null
  },
  {
    "name": "Business",
    "id": 101000254,
    "id_course": 101000007,
    "mean": null,
    "total": 28,
    "num_word": null,
    "time_date": null
  },
  {
    "name": "People- Physical appearance",
    "id": 101000255,
    "id_course": 101000007,
    "mean": null,
    "total": 30,
    "num_word": null,
    "time_date": null
  },
  {
    "name": "Towns and cities",
    "id": 101000256,
    "id_course": 101000007,
    "mean": null,
    "total": 26,
    "num_word": null,
    "time_date": null
  },
  {
    "name": "Music",
    "id": 101000257,
    "id_course": 101000007,
    "mean": null,
    "total": 25,
    "num_word": null,
    "time_date": null
  }
]