[
  {
    "name": "Hội thoại cơ bản 1",
    "id": 101000001,
    "id_course": 101000001,
    "mean": null,
    "total": 19,
    "num_word": null,
    "time_date": null
  },
  {
    "name": "Về tôi và về bạn - Từ vựng",
    "id": 101000002,
    "id_course": 101000001,
    "mean": null,
    "total": 6,
    "num_word": null,
    "time_date": null
  },
  {
    "name": "Về tôi và về bạn - Cụm từ",
    "id": 101000003,
    "id_course": 101000001,
    "mean": null,
    "total": 17,
    "num_word": null,
    "time_date": null
  },
  {
    "name": "Thứ tôi thích và thứ tôi không thích 1 - Từ",
    "id": 101000004,
    "id_course": 101000001,
    "mean": null,
    "total": 24,
    "num_word": null,
    "time_date": null
  },
  {
    "name": "Thứ tôi thích và thứ tôi không thích 1 - Cụ",
    "id": 101000005,
    "id_course": 101000001,
    "mean": null,
    "total": 23,
    "num_word": null,
    "time_date": null
  },
  {
    "name": "Nhóm từ cơ bản 1",
    "id": 101000006,
    "id_course": 101000001,
    "mean": null,
    "total": 11,
    "num_word": null,
    "time_date": null
  },
  {
    "name": "Hội thoại cơ bản 2",
    "id": 101000007,
    "id_course": 101000001,
    "mean": null,
    "total": 12,
    "num_word": null,
    "time_date": null
  },
  {
    "name": "Số đếm 1",
    "id": 101000008,
    "id_course": 101000001,
    "mean": null,
    "total": 11,
    "num_word": null,
    "time_date": null
  },
  {
    "name": "Đi nhà hàng nào 1 - Từ vựng",
    "id": 101000009,
    "id_course": 101000001,
    "mean": null,
    "total": 18,
    "num_word": null,
    "time_date": null
  },
  {
    "name": "Đi nhà hàng nào 1 - Cụm từ",
    "id": 101000010,
    "id_course": 101000001,
    "mean": null,
    "total": 18,
    "num_word": null,
    "time_date": null
  },
  {
    "name": "Đưa ra ý kiến 1 - Từ vựng",
    "id": 101000011,
    "id_course": 101000001,
    "mean": null,
    "total": 12,
    "num_word": null,
    "time_date": null
  },
  {
    "name": "Đưa ra ý kiến 1 - Cụm từ",
    "id": 101000012,
    "id_course": 101000001,
    "mean": null,
    "total": 17,
    "num_word": null,
    "time_date": null
  },
  {
    "name": "Động từ to be",
    "id": 101000013,
    "id_course": 101000001,
    "mean": null,
    "total": 9,
    "num_word": null,
    "time_date": null
  },
  {
    "name": "Nhóm từ cơ bản 2",
    "id": 101000014,
    "id_course": 101000001,
    "mean": null,
    "total": 8,
    "num_word": null,
    "time_date": null
  },
  {
    "name": "Hội thoại cơ bản 3 - Từ vựng",
    "id": 101000015,
    "id_course": 101000001,
    "mean": null,
    "total": 5,
    "num_word": null,
    "time_date": null
  },
  {
    "name": "Hội thoại cơ bản 3 - Cụm từ",
    "id": 101000016,
    "id_course": 101000001,
    "mean": null,
    "total": 17,
    "num_word": null,
    "time_date": null
  },
  {
    "name": "Đi nhà hàng nào 2 - Từ vựng",
    "id": 101000017,
    "id_course": 101000001,
    "mean": null,
    "total": 16,
    "num_word": null,
    "time_date": null
  },
  {
    "name": "Đi nhà hàng nào 2 - Cụm từ",
    "id": 101000018,
    "id_course": 101000001,
    "mean": null,
    "total": 19,
    "num_word": null,
    "time_date": null
  },
  {
    "name": "Số đếm 2",
    "id": 101000019,
    "id_course": 101000001,
    "mean": null,
    "total": 10,
    "num_word": null,
    "time_date": null
  },
  {
    "name": "Mua sắm 1 - Từ vựng",
    "id": 101000020,
    "id_course": 101000001,
    "mean": null,
    "total": 17,
    "num_word": null,
    "time_date": null
  },
  {
    "name": "Mua sắm 1 - Cụm từ",
    "id": 101000021,
    "id_course": 101000001,
    "mean": null,
    "total": 15,
    "num_word": null,
    "time_date": null
  },
  {
    "name": "Thứ tôi thích và thứ tôi không thích 2 - T",
    "id": 101000022,
    "id_course": 101000001,
    "mean": null,
    "total": 13,
    "num_word": null,
    "time_date": null
  },
  {
    "name": "Thứ tôi thích và thứ tôi không thích 2 - C",
    "id": 101000023,
    "id_course": 101000001,
    "mean": null,
    "total": 24,
    "num_word": null,
    "time_date": null
  },
  {
    "name": "Gia đình 1 - Từ vựng",
    "id": 101000024,
    "id_course": 101000001,
    "mean": null,
    "total": 21,
    "num_word": null,
    "time_date": null
  },
  {
    "name": "Gia đình 1 - Cụm từ",
    "id": 101000025,
    "id_course": 101000001,
    "mean": null,
    "total": 24,
    "num_word": null,
    "time_date": null
  },
  {
    "name": "Nhóm từ căn bản 3",
    "id": 101000026,
    "id_course": 101000001,
    "mean": null,
    "total": 7,
    "num_word": null,
    "time_date": null
  },
  {
    "name": "Mua sắm 2 - Từ vựng",
    "id": 101000027,
    "id_course": 101000001,
    "mean": null,
    "total": 15,
    "num_word": null,
    "time_date": null
  },
  {
    "name": "Mua sắm 2 - Cụm từ",
    "id": 101000028,
    "id_course": 101000001,
    "mean": null,
    "total": 18,
    "num_word": null,
    "time_date": null
  },
  {
    "name": "Thứ tôi thích và thứ tôi không thích 3 - T",
    "id": 101000029,
    "id_course": 101000001,
    "mean": null,
    "total": 11,
    "num_word": null,
    "time_date": null
  },
  {
    "name": "Thứ tôi thích và thứ tôi không thích 3 - C",
    "id": 101000030,
    "id_course": 101000001,
    "mean": null,
    "total": 17,
    "num_word": null,
    "time_date": null
  },
  {
    "name": "Gia đình 2 - Từ vựng",
    "id": 101000031,
    "id_course": 101000001,
    "mean": null,
    "total": 6,
    "num_word": null,
    "time_date": null
  },
  {
    "name": "Gia đình 2 - Cụm từ",
    "id": 101000032,
    "id_course": 101000001,
    "mean": null,
    "total": 12,
    "num_word": null,
    "time_date": null
  },
  {
    "name": "Nói về người khác 1 - Từ vựng",
    "id": 101000033,
    "id_course": 101000001,
    "mean": null,
    "total": 12,
    "num_word": null,
    "time_date": null
  },
  {
    "name": "Nói về người khác 1 - Cụm từ",
    "id": 101000034,
    "id_course": 101000001,
    "mean": null,
    "total": 20,
    "num_word": null,
    "time_date": null
  },
  {
    "name": "Số đếm 3",
    "id": 101000035,
    "id_course": 101000001,
    "mean": null,
    "total": 18,
    "num_word": null,
    "time_date": null
  },
  {
    "name": "Hỏi giờ giấc 1 - Từ vựng",
    "id": 101000036,
    "id_course": 101000001,
    "mean": null,
    "total": 8,
    "num_word": null,
    "time_date": null
  },
  {
    "name": "Hỏi giờ giấc 1 - Cụm từ",
    "id": 101000037,
    "id_course": 101000001,
    "mean": null,
    "total": 16,
    "num_word": null,
    "time_date": null
  },
  {
    "name": "Hỏi phương hướng 1 - Từ vựng",
    "id": 101000038,
    "id_course": 101000001,
    "mean": null,
    "total": 15,
    "num_word": null,
    "time_date": null
  },
  {
    "name": "Hỏi phương hướng 1 - Cụm từ",
    "id": 101000039,
    "id_course": 101000001,
    "mean": null,
    "total": 25,
    "num_word": null,
    "time_date": null
  },
  {
    "name": "Đi nhà hàng nào 3 - Từ vựng",
    "id": 101000040,
    "id_course": 101000001,
    "mean": null,
    "total": 8,
    "num_word": null,
    "time_date": null
  },
  {
    "name": "Đi nhà hàng nào 3 - Cụm từ",
    "id": 101000041,
    "id_course": 101000001,
    "mean": null,
    "total": 15,
    "num_word": null,
    "time_date": null
  },
  {
    "name": "Đưa ra ý kiến 2 - Từ vựng",
    "id": 101000042,
    "id_course": 101000001,
    "mean": null,
    "total": 12,
    "num_word": null,
    "time_date": null
  },
  {
    "name": "Đưa ra ý kiến 2 - Cụm từ",
    "id": 101000043,
    "id_course": 101000001,
    "mean": null,
    "total": 16,
    "num_word": null,
    "time_date": null
  },
  {
    "name": "Hỏi phương hướng 2 - Từ vựng",
    "id": 101000044,
    "id_course": 101000001,
    "mean": null,
    "total": 10,
    "num_word": null,
    "time_date": null
  },
  {
    "name": "Hỏi phương hướng 2 - Cụm từ",
    "id": 101000045,
    "id_course": 101000001,
    "mean": null,
    "total": 9,
    "num_word": null,
    "time_date": null
  },
  {
    "name": "Nói về người khác 2 - Từ vựng",
    "id": 101000046,
    "id_course": 101000001,
    "mean": null,
    "total": 21,
    "num_word": null,
    "time_date": null
  },
  {
    "name": "Nói về người khác 2 - Cụm từ",
    "id": 101000047,
    "id_course": 101000001,
    "mean": null,
    "total": 18,
    "num_word": null,
    "time_date": null
  },
  {
    "name": "Khẩn cấp 1 - Từ vựng",
    "id": 101000048,
    "id_course": 101000001,
    "mean": null,
    "total": 15,
    "num_word": null,
    "time_date": null
  },
  {
    "name": "Khẩn cấp 1 - Cụm từ",
    "id": 101000049,
    "id_course": 101000001,
    "mean": null,
    "total": 19,
    "num_word": null,
    "time_date": null
  },
  {
    "name": "Trong nhà 1 - Từ vựng",
    "id": 101000050,
    "id_course": 101000001,
    "mean": null,
    "total": 8,
    "num_word": null,
    "time_date": null
  },
  {
    "name": "Trong nhà 1 - Cụm từ",
    "id": 101000051,
    "id_course": 101000001,
    "mean": null,
    "total": 8,
    "num_word": null,
    "time_date": null
  },
  {
    "name": "Trao quà 1 - Từ vựng",
    "id": 101000052,
    "id_course": 101000001,
    "mean": null,
    "total": 18,
    "num_word": null,
    "time_date": null
  },
  {
    "name": "Trao quà 1 - Cụm từ",
    "id": 101000053,
    "id_course": 101000001,
    "mean": null,
    "total": 22,
    "num_word": null,
    "time_date": null
  },
  {
    "name": "Hỏi phương hướng 3 - Từ vựng",
    "id": 101000054,
    "id_course": 101000001,
    "mean": null,
    "total": 9,
    "num_word": null,
    "time_date": null
  },
  {
    "name": "Hỏi phương hướng 3 - Cụm từ",
    "id": 101000055,
    "id_course": 101000001,
    "mean": null,
    "total": 15,
    "num_word": null,
    "time_date": null
  },
  {
    "name": "Gia đình 3 - Từ vựng",
    "id": 101000056,
    "id_course": 101000001,
    "mean": null,
    "total": 13,
    "num_word": null,
    "time_date": null
  },
  {
    "name": "Gia đình 3 - Cụm từ",
    "id": 101000057,
    "id_course": 101000001,
    "mean": null,
    "total": 16,
    "num_word": null,
    "time_date": null
  },
  {
    "name": "Nói về người khác 3 - Từ vựng",
    "id": 101000058,
    "id_course": 101000001,
    "mean": null,
    "total": 17,
    "num_word": null,
    "time_date": null
  },
  {
    "name": "Nói về người khác 3 - Cụm từ",
    "id": 101000059,
    "id_course": 101000001,
    "mean": null,
    "total": 21,
    "num_word": null,
    "time_date": null
  },
  {
    "name": "Khẩn cấp 2 - Từ vựng",
    "id": 101000060,
    "id_course": 101000001,
    "mean": null,
    "total": 11,
    "num_word": null,
    "time_date": null
  },
  {
    "name": "Khẩn cấp 2 - Cụm từ",
    "id": 101000061,
    "id_course": 101000001,
    "mean": null,
    "total": 14,
    "num_word": null,
    "time_date": null
  },
  {
    "name": "Du lịch 1 - Từ vựng",
    "id": 101000062,
    "id_course": 101000001,
    "mean": null,
    "total": 17,
    "num_word": null,
    "time_date": null
  },
  {
    "name": "Du lịch 1 - Cụm từ",
    "id": 101000063,
    "id_course": 101000001,
    "mean": null,
    "total": 17,
    "num_word": null,
    "time_date": null
  },
  {
    "name": "Bạn muốn làm gì? 1 - Từ vựng",
    "id": 101000064,
    "id_course": 101000001,
    "mean": null,
    "total": 19,
    "num_word": null,
    "time_date": null
  },
  {
    "name": "Bạn muốn làm gì? 1 - Cụm từ",
    "id": 101000065,
    "id_course": 101000001,
    "mean": null,
    "total": 22,
    "num_word": null,
    "time_date": null
  },
  {
    "name": "Ngôn ngữ trang trọng và thân mật 1 - Từ vự",
    "id": 101000066,
    "id_course": 101000001,
    "mean": null,
    "total": 9,
    "num_word": null,
    "time_date": null
  },
  {
    "name": "Ngôn ngữ trang trọng và thân mật 1 - Cụm t",
    "id": 101000067,
    "id_course": 101000001,
    "mean": null,
    "total": 6,
    "num_word": null,
    "time_date": null
  },
  {
    "name": "Số đếm 4",
    "id": 101000068,
    "id_course": 101000001,
    "mean": null,
    "total": 20,
    "num_word": null,
    "time_date": null
  },
  {
    "name": "Đưa ra ý kiến 3 - Từ vựng",
    "id": 101000069,
    "id_course": 101000001,
    "mean": null,
    "total": 5,
    "num_word": null,
    "time_date": null
  },
  {
    "name": "Đưa ra ý kiến 3 - Cụm từ",
    "id": 101000070,
    "id_course": 101000001,
    "mean": null,
    "total": 14,
    "num_word": null,
    "time_date": null
  },
  {
    "name": "Trong nhà 2 - Từ vựng",
    "id": 101000071,
    "id_course": 101000001,
    "mean": null,
    "total": 11,
    "num_word": null,
    "time_date": null
  },
  {
    "name": "Trong nhà 2 - Cụm từ",
    "id": 101000072,
    "id_course": 101000001,
    "mean": null,
    "total": 13,
    "num_word": null,
    "time_date": null
  },
  {
    "name": "Du lịch 2 - Từ vựng",
    "id": 101000073,
    "id_course": 101000001,
    "mean": null,
    "total": 13,
    "num_word": null,
    "time_date": null
  },
  {
    "name": "Du lịch 2 - Cụm từ",
    "id": 101000074,
    "id_course": 101000001,
    "mean": null,
    "total": 10,
    "num_word": null,
    "time_date": null
  },
  {
    "name": "Trao quà 2",
    "id": 101000075,
    "id_course": 101000001,
    "mean": null,
    "total": 12,
    "num_word": null,
    "time_date": null
  },
  {
    "name": "Các bạn có kế hoạch gì không? 1",
    "id": 101000076,
    "id_course": 101000001,
    "mean": null,
    "total": 16,
    "num_word": null,
    "time_date": null
  },
  {
    "name": "Ngày tháng 1 - Từ vựng",
    "id": 101000077,
    "id_course": 101000001,
    "mean": null,
    "total": 13,
    "num_word": null,
    "time_date": null
  },
  {
    "name": "Ngày tháng 1 - Cụm từ",
    "id": 101000078,
    "id_course": 101000001,
    "mean": null,
    "total": 10,
    "num_word": null,
    "time_date": null
  },
  {
    "name": "Tương lai 1",
    "id": 101000079,
    "id_course": 101000001,
    "mean": null,
    "total": 18,
    "num_word": null,
    "time_date": null
  },
  {
    "name": "Số đếm 5",
    "id": 101000080,
    "id_course": 101000001,
    "mean": null,
    "total": 16,
    "num_word": null,
    "time_date": null
  },
  {
    "name": "Hỏi thời gian 2",
    "id": 101000081,
    "id_course": 101000001,
    "mean": null,
    "total": 12,
    "num_word": null,
    "time_date": null
  },
  {
    "name": "Mua sắm 3 - Từ vựng",
    "id": 101000082,
    "id_course": 101000001,
    "mean": null,
    "total": 5,
    "num_word": null,
    "time_date": null
  },
  {
    "name": "Mua sắm 3 - Cụm từ",
    "id": 101000083,
    "id_course": 101000001,
    "mean": null,
    "total": 11,
    "num_word": null,
    "time_date": null
  },
  {
    "name": "Ngôn ngữ trang trọng và thân mật 2",
    "id": 101000084,
    "id_course": 101000001,
    "mean": null,
    "total": 9,
    "num_word": null,
    "time_date": null
  },
  {
    "name": "Bạn muốn làm gì? 2 - Từ vựng",
    "id": 101000085,
    "id_course": 101000001,
    "mean": null,
    "total": 12,
    "num_word": null,
    "time_date": null
  },
  {
    "name": "Bạn muốn làm gì? 2 - Cụm từ",
    "id": 101000086,
    "id_course": 101000001,
    "mean": null,
    "total": 16,
    "num_word": null,
    "time_date": null
  },
  {
    "name": "Tương lai 2 - Từ vựng",
    "id": 101000087,
    "id_course": 101000001,
    "mean": null,
    "total": 14,
    "num_word": null,
    "time_date": null
  },
  {
    "name": "Tương lai 2 - Cụm từ",
    "id": 101000088,
    "id_course": 101000001,
    "mean": null,
    "total": 18,
    "num_word": null,
    "time_date": null
  },
  {
    "name": "Các bạn có kế hoạch gì không? 2 - Từ vựng",
    "id": 101000089,
    "id_course": 101000001,
    "mean": null,
    "total": 6,
    "num_word": null,
    "time_date": null
  },
  {
    "name": "Các bạn có kế hoạch gì không? 2 - Cụm từ",
    "id": 101000090,
    "id_course": 101000001,
    "mean": null,
    "total": 10,
    "num_word": null,
    "time_date": null
  },
  {
    "name": "Du lịch 3 - Từ vựng",
    "id": 101000091,
    "id_course": 101000001,
    "mean": null,
    "total": 6,
    "num_word": null,
    "time_date": null
  },
  {
    "name": "Du lịch 3 - Cụm từ",
    "id": 101000092,
    "id_course": 101000001,
    "mean": null,
    "total": 7,
    "num_word": null,
    "time_date": null
  },
  {
    "name": "Ngày tháng 2 - Từ vựng",
    "id": 101000093,
    "id_course": 101000001,
    "mean": null,
    "total": 8,
    "num_word": null,
    "time_date": null
  },
  {
    "name": "Ngày tháng 2 - Cụm từ",
    "id": 101000094,
    "id_course": 101000001,
    "mean": null,
    "total": 12,
    "num_word": null,
    "time_date": null
  },
  {
    "name": "Tương lai 3 - Từ vựng",
    "id": 101000095,
    "id_course": 101000001,
    "mean": null,
    "total": 7,
    "num_word": null,
    "time_date": null
  },
  {
    "name": "Tương lai 3 - Cụm từ",
    "id": 101000096,
    "id_course": 101000001,
    "mean": null,
    "total": 16,
    "num_word": null,
    "time_date": null
  },
  {
    "name": "Bạn muốn làm gì? 3 - Từ vựng",
    "id": 101000097,
    "id_course": 101000001,
    "mean": null,
    "total": 9,
    "num_word": null,
    "time_date": null
  },
  {
    "name": "Bạn muốn làm gì? 3 - Cụm từ",
    "id": 101000098,
    "id_course": 101000001,
    "mean": null,
    "total": 15,
    "num_word": null,
    "time_date": null
  },
  {
    "name": "Các bạn có kế hoạch gì không? 3 - Từ vựng",
    "id": 101000099,
    "id_course": 101000001,
    "mean": null,
    "total": 7,
    "num_word": null,
    "time_date": null
  },
  {
    "name": "Các bạn có kế hoạch gì không? 3 - Cụm từ",
    "id": 101000100,
    "id_course": 101000001,
    "mean": null,
    "total": 9,
    "num_word": null,
    "time_date": null
  },
  {
    "name": "Quá khứ 1 - Động từ 'to be'",
    "id": 101000101,
    "id_course": 101000001,
    "mean": null,
    "total": 6,
    "num_word": null,
    "time_date": null
  },
  {
    "name": "Quá khứ 2 - Luyện tập với động từ 'to be'",
    "id": 101000102,
    "id_course": 101000001,
    "mean": null,
    "total": 23,
    "num_word": null,
    "time_date": null
  },
  {
    "name": "Quá khứ 3 - động từ quy tắc",
    "id": 101000103,
    "id_course": 101000001,
    "mean": null,
    "total": 12,
    "num_word": null,
    "time_date": null
  },
  {
    "name": "Quá khứ 4 - Luyện tập với động từ quy tắc",
    "id": 101000104,
    "id_course": 101000001,
    "mean": null,
    "total": 5,
    "num_word": null,
    "time_date": null
  },
  {
    "name": "Quá khứ 5 - Luyện tập với động từ quy tắc",
    "id": 101000105,
    "id_course": 101000001,
    "mean": null,
    "total": 13,
    "num_word": null,
    "time_date": null
  },
  {
    "name": "Ôn tập tổng quát 1",
    "id": 101000106,
    "id_course": 101000001,
    "mean": null,
    "total": 9,
    "num_word": null,
    "time_date": null
  },
  {
    "name": "Quá khứ 6 - Động từ bất quy tắc",
    "id": 101000107,
    "id_course": 101000001,
    "mean": null,
    "total": 17,
    "num_word": null,
    "time_date": null
  },
  {
    "name": "Quá khứ 7 - Luyện tập động từ bất quy tắc",
    "id": 101000108,
    "id_course": 101000001,
    "mean": null,
    "total": 30,
    "num_word": null,
    "time_date": null
  },
  {
    "name": "Quá khứ 8 - Thể phủ định",
    "id": 101000109,
    "id_course": 101000001,
    "mean": null,
    "total": 15,
    "num_word": null,
    "time_date": null
  },
  {
    "name": "Quá khứ 9 - Câu hỏi",
    "id": 101000110,
    "id_course": 101000001,
    "mean": null,
    "total": 16,
    "num_word": null,
    "time_date": null
  },
  {
    "name": "Quá khứ 10 - Ôn tập",
    "id": 101000111,
    "id_course": 101000001,
    "mean": null,
    "total": 20,
    "num_word": null,
    "time_date": null
  },
  {
    "name": "Ôn tập tổng quát 2",
    "id": 101000112,
    "id_course": 101000001,
    "mean": null,
    "total": 10,
    "num_word": null,
    "time_date": null
  },
  {
    "name": "Quá khứ 11 - Ôn tập tổng quát",
    "id": 101000113,
    "id_course": 101000001,
    "mean": null,
    "total": 11,
    "num_word": null,
    "time_date": null
  }
]