[
  {
    "name": "Từ vựng thông dụng trong kinh doanh",
    "id": 101000156,
    "id_course": 101000004,
    "mean": null,
    "total": 35,
    "num_word": null,
    "time_date": null
  },
  {
    "name": "Thuật ngữ viết tắt trong kinh doanh",
    "id": 101000157,
    "id_course": 101000004,
    "mean": null,
    "total": 25,
    "num_word": null,
    "time_date": null
  },
  {
    "name": "Thành ngữ kinh doanh",
    "id": 101000158,
    "id_course": 101000004,
    "mean": null,
    "total": 24,
    "num_word": null,
    "time_date": null
  },
  {
    "name": "Từ vựng về Tài chính",
    "id": 101000159,
    "id_course": 101000004,
    "mean": null,
    "total": 47,
    "num_word": null,
    "time_date": null
  },
  {
    "name": "Từ vựng về Công nghệ thông tin",
    "id": 101000160,
    "id_course": 101000004,
    "mean": null,
    "total": 49,
    "num_word": null,
    "time_date": null
  },
  {
    "name": "Từ vựng về Mậu dịch quốc tế",
    "id": 101000161,
    "id_course": 101000004,
    "mean": null,
    "total": 47,
    "num_word": null,
    "time_date": null
  }
]