[
  {
    "id_word": 101002957,
    "id_subject": 101000156,
    "word": "an owner",
    "mean": "chủ sở hữu",
    "example": null,
    "example_mean": null,
    "num_ef": null,
    "time_date": null,
    "next_time": null,
    "num_n": null,
    "num_i": null,
    "max_q": null,
    "phonectic": null,
    "id_course": 101000004,
    "des": null
  },
  {
    "id_word": 101002958,
    "id_subject": 101000156,
    "word": "an agent",
    "mean": "người đại diện",
    "example": null,
    "example_mean": null,
    "num_ef": null,
    "time_date": null,
    "next_time": null,
    "num_n": null,
    "num_i": null,
    "max_q": null,
    "phonectic": null,
    "id_course": 101000004,
    "des": null
  },
  {
    "id_word": 101002959,
    "id_subject": 101000156,
    "word": "capital",
    "mean": "vốn",
    "example": null,
    "example_mean": null,
    "num_ef": null,
    "time_date": null,
    "next_time": null,
    "num_n": null,
    "num_i": null,
    "max_q": null,
    "phonectic": "/ˈkæpɪtl/",
    "id_course": 101000004,
    "des": null
  },
  {
    "id_word": 101002960,
    "id_subject": 101000156,
    "word": "an investment",
    "mean": "đầu tư",
    "example": null,
    "example_mean": null,
    "num_ef": null,
    "time_date": null,
    "next_time": null,
    "num_n": null,
    "num_i": null,
    "max_q": null,
    "phonectic": null,
    "id_course": 101000004,
    "des": null
  },
  {
    "id_word": 101002961,
    "id_subject": 101000156,
    "word": "a consumer",
    "mean": "người tiêu dùng",
    "example": null,
    "example_mean": null,
    "num_ef": null,
    "time_date": null,
    "next_time": null,
    "num_n": null,
    "num_i": null,
    "max_q": null,
    "phonectic": null,
    "id_course": 101000004,
    "des": null
  },
  {
    "id_word": 101002962,
    "id_subject": 101000156,
    "word": "commercial",
    "mean": "thương mại",
    "example": null,
    "example_mean": null,
    "num_ef": null,
    "time_date": null,
    "next_time": null,
    "num_n": null,
    "num_i": null,
    "max_q": null,
    "phonectic": "/kəˈmɜːʃəl/",
    "id_course": 101000004,
    "des": null
  },
  {
    "id_word": 101002963,
    "id_subject": 101000156,
    "word": "an attorney",
    "mean": "luật sư",
    "example": null,
    "example_mean": null,
    "num_ef": null,
    "time_date": null,
    "next_time": null,
    "num_n": null,
    "num_i": null,
    "max_q": null,
    "phonectic": null,
    "id_course": 101000004,
    "des": null
  },
  {
    "id_word": 101002964,
    "id_subject": 101000156,
    "word": "a professional",
    "mean": "người đi làm",
    "example": null,
    "example_mean": null,
    "num_ef": null,
    "time_date": null,
    "next_time": null,
    "num_n": null,
    "num_i": null,
    "max_q": null,
    "phonectic": null,
    "id_course": 101000004,
    "des": null
  },
  {
    "id_word": 101002965,
    "id_subject": 101000156,
    "word": "a customer",
    "mean": "khách hàng",
    "example": null,
    "example_mean": null,
    "num_ef": null,
    "time_date": null,
    "next_time": null,
    "num_n": null,
    "num_i": null,
    "max_q": null,
    "phonectic": null,
    "id_course": 101000004,
    "des": null
  },
  {
    "id_word": 101002966,
    "id_subject": 101000156,
    "word": "global",
    "mean": "toàn cầu",
    "example": null,
    "example_mean": null,
    "num_ef": null,
    "time_date": null,
    "next_time": null,
    "num_n": null,
    "num_i": null,
    "max_q": null,
    "phonectic": "/ˈgləʊbəl/",
    "id_course": 101000004,
    "des": null
  },
  {
    "id_word": 101002967,
    "id_subject": 101000156,
    "word": "a reform",
    "mean": "cải cách",
    "example": null,
    "example_mean": null,
    "num_ef": null,
    "time_date": null,
    "next_time": null,
    "num_n": null,
    "num_i": null,
    "max_q": null,
    "phonectic": null,
    "id_course": 101000004,
    "des": null
  },
  {
    "id_word": 101002968,
    "id_subject": 101000156,
    "word": "a credit",
    "mean": "công nợ",
    "example": null,
    "example_mean": null,
    "num_ef": null,
    "time_date": null,
    "next_time": null,
    "num_n": null,
    "num_i": null,
    "max_q": null,
    "phonectic": null,
    "id_course": 101000004,
    "des": null
  },
  {
    "id_word": 101002969,
    "id_subject": 101000156,
    "word": "an income",
    "mean": "thu nhập",
    "example": null,
    "example_mean": null,
    "num_ef": null,
    "time_date": null,
    "next_time": null,
    "num_n": null,
    "num_i": null,
    "max_q": null,
    "phonectic": null,
    "id_course": 101000004,
    "des": null
  },
  {
    "id_word": 101002970,
    "id_subject": 101000156,
    "word": "an insurance",
    "mean": "bảo hiểm",
    "example": null,
    "example_mean": null,
    "num_ef": null,
    "time_date": null,
    "next_time": null,
    "num_n": null,
    "num_i": null,
    "max_q": null,
    "phonectic": null,
    "id_course": 101000004,
    "des": null
  },
  {
    "id_word": 101002971,
    "id_subject": 101000156,
    "word": "a future",
    "mean": "tương lai",
    "example": null,
    "example_mean": null,
    "num_ef": null,
    "time_date": null,
    "next_time": null,
    "num_n": null,
    "num_i": null,
    "max_q": null,
    "phonectic": null,
    "id_course": 101000004,
    "des": null
  },
  {
    "id_word": 101002972,
    "id_subject": 101000156,
    "word": "to earn",
    "mean": "kiếm được (tiền)",
    "example": null,
    "example_mean": null,
    "num_ef": null,
    "time_date": null,
    "next_time": null,
    "num_n": null,
    "num_i": null,
    "max_q": null,
    "phonectic": null,
    "id_course": 101000004,
    "des": null
  },
  {
    "id_word": 101002973,
    "id_subject": 101000156,
    "word": "to contribute",
    "mean": "đóng góp",
    "example": null,
    "example_mean": null,
    "num_ef": null,
    "time_date": null,
    "next_time": null,
    "num_n": null,
    "num_i": null,
    "max_q": null,
    "phonectic": null,
    "id_course": 101000004,
    "des": null
  },
  {
    "id_word": 101002974,
    "id_subject": 101000156,
    "word": "annual",
    "mean": "thường niên",
    "example": null,
    "example_mean": null,
    "num_ef": null,
    "time_date": null,
    "next_time": null,
    "num_n": null,
    "num_i": null,
    "max_q": null,
    "phonectic": "/ˈænjʊəl/",
    "id_course": 101000004,
    "des": null
  },
  {
    "id_word": 101002975,
    "id_subject": 101000156,
    "word": "a procedure",
    "mean": "quy trình",
    "example": null,
    "example_mean": null,
    "num_ef": null,
    "time_date": null,
    "next_time": null,
    "num_n": null,
    "num_i": null,
    "max_q": null,
    "phonectic": null,
    "id_course": 101000004,
    "des": null
  },
  {
    "id_word": 101002976,
    "id_subject": 101000156,
    "word": "a chairman",
    "mean": "chủ tịch",
    "example": null,
    "example_mean": null,
    "num_ef": null,
    "time_date": null,
    "next_time": null,
    "num_n": null,
    "num_i": null,
    "max_q": null,
    "phonectic": null,
    "id_course": 101000004,
    "des": null
  },
  {
    "id_word": 101002977,
    "id_subject": 101000156,
    "word": "a document",
    "mean": "văn bản",
    "example": null,
    "example_mean": null,
    "num_ef": null,
    "time_date": null,
    "next_time": null,
    "num_n": null,
    "num_i": null,
    "max_q": null,
    "phonectic": null,
    "id_course": 101000004,
    "des": null
  },
  {
    "id_word": 101002978,
    "id_subject": 101000156,
    "word": "a committee",
    "mean": "hội đồng",
    "example": null,
    "example_mean": null,
    "num_ef": null,
    "time_date": null,
    "next_time": null,
    "num_n": null,
    "num_i": null,
    "max_q": null,
    "phonectic": null,
    "id_course": 101000004,
    "des": null
  },
  {
    "id_word": 101002979,
    "id_subject": 101000156,
    "word": "an exchange",
    "mean": "giao lưu",
    "example": null,
    "example_mean": null,
    "num_ef": null,
    "time_date": null,
    "next_time": null,
    "num_n": null,
    "num_i": null,
    "max_q": null,
    "phonectic": null,
    "id_course": 101000004,
    "des": null
  },
  {
    "id_word": 101002980,
    "id_subject": 101000156,
    "word": "a colleague",
    "mean": "đồng nghiệp",
    "example": null,
    "example_mean": null,
    "num_ef": null,
    "time_date": null,
    "next_time": null,
    "num_n": null,
    "num_i": null,
    "max_q": null,
    "phonectic": null,
    "id_course": 101000004,
    "des": null
  },
  {
    "id_word": 101002981,
    "id_subject": 101000156,
    "word": "an application",
    "mean": "ứng dụng, yêu cầu",
    "example": null,
    "example_mean": null,
    "num_ef": null,
    "time_date": null,
    "next_time": null,
    "num_n": null,
    "num_i": null,
    "max_q": null,
    "phonectic": null,
    "id_course": 101000004,
    "des": null
  },
  {
    "id_word": 101002982,
    "id_subject": 101000156,
    "word": "corporate",
    "mean": "tập đoàn",
    "example": null,
    "example_mean": null,
    "num_ef": null,
    "time_date": null,
    "next_time": null,
    "num_n": null,
    "num_i": null,
    "max_q": null,
    "phonectic": "/ˈkɔːpərɪt/",
    "id_course": 101000004,
    "des": null
  },
  {
    "id_word": 101002983,
    "id_subject": 101000156,
    "word": "a revenue",
    "mean": "thu nhập",
    "example": null,
    "example_mean": null,
    "num_ef": null,
    "time_date": null,
    "next_time": null,
    "num_n": null,
    "num_i": null,
    "max_q": null,
    "phonectic": null,
    "id_course": 101000004,
    "des": null
  },
  {
    "id_word": 101002984,
    "id_subject": 101000156,
    "word": "to generate",
    "mean": "phát sinh",
    "example": null,
    "example_mean": null,
    "num_ef": null,
    "time_date": null,
    "next_time": null,
    "num_n": null,
    "num_i": null,
    "max_q": null,
    "phonectic": null,
    "id_course": 101000004,
    "des": null
  },
  {
    "id_word": 101002985,
    "id_subject": 101000156,
    "word": "an investor",
    "mean": "nhà đầu tư",
    "example": null,
    "example_mean": null,
    "num_ef": null,
    "time_date": null,
    "next_time": null,
    "num_n": null,
    "num_i": null,
    "max_q": null,
    "phonectic": null,
    "id_course": 101000004,
    "des": null
  },
  {
    "id_word": 101002986,
    "id_subject": 101000156,
    "word": "a profit",
    "mean": "lợi nhuận",
    "example": null,
    "example_mean": null,
    "num_ef": null,
    "time_date": null,
    "next_time": null,
    "num_n": null,
    "num_i": null,
    "max_q": null,
    "phonectic": null,
    "id_course": 101000004,
    "des": null
  },
  {
    "id_word": 101002987,
    "id_subject": 101000156,
    "word": "a fee",
    "mean": "chi phí",
    "example": null,
    "example_mean": null,
    "num_ef": null,
    "time_date": null,
    "next_time": null,
    "num_n": null,
    "num_i": null,
    "max_q": null,
    "phonectic": null,
    "id_course": 101000004,
    "des": null
  },
  {
    "id_word": 101002988,
    "id_subject": 101000156,
    "word": "a debt",
    "mean": "món nợ",
    "example": null,
    "example_mean": null,
    "num_ef": null,
    "time_date": null,
    "next_time": null,
    "num_n": null,
    "num_i": null,
    "max_q": null,
    "phonectic": null,
    "id_course": 101000004,
    "des": null
  },
  {
    "id_word": 101002989,
    "id_subject": 101000156,
    "word": "a bond",
    "mean": "cam kết",
    "example": null,
    "example_mean": null,
    "num_ef": null,
    "time_date": null,
    "next_time": null,
    "num_n": null,
    "num_i": null,
    "max_q": null,
    "phonectic": null,
    "id_course": 101000004,
    "des": null
  },
  {
    "id_word": 101002990,
    "id_subject": 101000156,
    "word": "to employ",
    "mean": "thuê ai (làm gì)",
    "example": null,
    "example_mean": null,
    "num_ef": null,
    "time_date": null,
    "next_time": null,
    "num_n": null,
    "num_i": null,
    "max_q": null,
    "phonectic": null,
    "id_course": 101000004,
    "des": null
  },
  {
    "id_word": 101002991,
    "id_subject": 101000156,
    "word": "a sector",
    "mean": "lĩnh vực",
    "example": null,
    "example_mean": null,
    "num_ef": null,
    "time_date": null,
    "next_time": null,
    "num_n": null,
    "num_i": null,
    "max_q": null,
    "phonectic": null,
    "id_course": 101000004,
    "des": null
  },
  {
    "id_word": 101002992,
    "id_subject": 101000157,
    "word": "AGM",
    "mean": "cuộc họp hội đồng thường niên",
    "example": null,
    "example_mean": null,
    "num_ef": null,
    "time_date": null,
    "next_time": null,
    "num_n": null,
    "num_i": null,
    "max_q": null,
    "phonectic": "/(AGM)/",
    "id_course": 101000004,
    "des": null
  },
  {
    "id_word": 101002993,
    "id_subject": 101000157,
    "word": "AOB",
    "mean": "mọi vấn đề khác",
    "example": null,
    "example_mean": null,
    "num_ef": null,
    "time_date": null,
    "next_time": null,
    "num_n": null,
    "num_i": null,
    "max_q": null,
    "phonectic": "/(AOB)/",
    "id_course": 101000004,
    "des": null
  },
  {
    "id_word": 101002994,
    "id_subject": 101000157,
    "word": "ASAP",
    "mean": "càng nhanh càng tốt",
    "example": null,
    "example_mean": null,
    "num_ef": null,
    "time_date": null,
    "next_time": null,
    "num_n": null,
    "num_i": null,
    "max_q": null,
    "phonectic": "/(ASAP)/",
    "id_course": 101000004,
    "des": null
  },
  {
    "id_word": 101002995,
    "id_subject": 101000157,
    "word": "CEO",
    "mean": "tổng giám đốc điều hành",
    "example": null,
    "example_mean": null,
    "num_ef": null,
    "time_date": null,
    "next_time": null,
    "num_n": null,
    "num_i": null,
    "max_q": null,
    "phonectic": "/(CEO)/",
    "id_course": 101000004,
    "des": null
  },
  {
    "id_word": 101002996,
    "id_subject": 101000157,
    "word": "CFO",
    "mean": "tổng giám đốc tài chính",
    "example": null,
    "example_mean": null,
    "num_ef": null,
    "time_date": null,
    "next_time": null,
    "num_n": null,
    "num_i": null,
    "max_q": null,
    "phonectic": "/(CFO)/",
    "id_course": 101000004,
    "des": null
  },
  {
    "id_word": 101002997,
    "id_subject": 101000157,
    "word": "EBIT",
    "mean": "thu nhập trước lãi và thuế",
    "example": null,
    "example_mean": null,
    "num_ef": null,
    "time_date": null,
    "next_time": null,
    "num_n": null,
    "num_i": null,
    "max_q": null,
    "phonectic": "/(EBIT)/",
    "id_course": 101000004,
    "des": null
  },
  {
    "id_word": 101002998,
    "id_subject": 101000157,
    "word": "EBITDA",
    "mean": "thu nhập trước thuế và khấu hao",
    "example": null,
    "example_mean": null,
    "num_ef": null,
    "time_date": null,
    "next_time": null,
    "num_n": null,
    "num_i": null,
    "max_q": null,
    "phonectic": "/(EBITDA)/",
    "id_course": 101000004,
    "des": null
  },
  {
    "id_word": 101002999,
    "id_subject": 101000157,
    "word": "ARPU",
    "mean": "doanh thu trung bình trên một khách hàng",
    "example": null,
    "example_mean": null,
    "num_ef": null,
    "time_date": null,
    "next_time": null,
    "num_n": null,
    "num_i": null,
    "max_q": null,
    "phonectic": "/(ARPU)/",
    "id_course": 101000004,
    "des": null
  },
  {
    "id_word": 101003000,
    "id_subject": 101000157,
    "word": "CPU",
    "mean": "đơn vị phí tổn",
    "example": null,
    "example_mean": null,
    "num_ef": null,
    "time_date": null,
    "next_time": null,
    "num_n": null,
    "num_i": null,
    "max_q": null,
    "phonectic": "/(CPU)/",
    "id_course": 101000004,
    "des": null
  },
  {
    "id_word": 101003001,
    "id_subject": 101000157,
    "word": "WACC",
    "mean": "trung bình trọng số chi phí vốn",
    "example": null,
    "example_mean": null,
    "num_ef": null,
    "time_date": null,
    "next_time": null,
    "num_n": null,
    "num_i": null,
    "max_q": null,
    "phonectic": "/(WACC)/",
    "id_course": 101000004,
    "des": null
  },
  {
    "id_word": 101003002,
    "id_subject": 101000157,
    "word": "LBO",
    "mean": "mua lại và sát nhập doanh nghiệp bằng nguồn tài chính đi vay",
    "example": null,
    "example_mean": null,
    "num_ef": null,
    "time_date": null,
    "next_time": null,
    "num_n": null,
    "num_i": null,
    "max_q": null,
    "phonectic": "/(LBO)/",
    "id_course": 101000004,
    "des": null
  },
  {
    "id_word": 101003003,
    "id_subject": 101000157,
    "word": "CAPEX",
    "mean": "chi phí vốn có thể tạo ra lợi ích trong tương lai",
    "example": null,
    "example_mean": null,
    "num_ef": null,
    "time_date": null,
    "next_time": null,
    "num_n": null,
    "num_i": null,
    "max_q": null,
    "phonectic": "/(CAPEX)/",
    "id_course": 101000004,
    "des": null
  },
  {
    "id_word": 101003004,
    "id_subject": 101000157,
    "word": "CAGR",
    "mean": "tỉ lệ tăng trưởng hàng năm kép",
    "example": null,
    "example_mean": null,
    "num_ef": null,
    "time_date": null,
    "next_time": null,
    "num_n": null,
    "num_i": null,
    "max_q": null,
    "phonectic": "/(CAGR)/",
    "id_course": 101000004,
    "des": null
  },
  {
    "id_word": 101003005,
    "id_subject": 101000157,
    "word": "YOY",
    "mean": "so với thời điểm này năm ngoái",
    "example": null,
    "example_mean": null,
    "num_ef": null,
    "time_date": null,
    "next_time": null,
    "num_n": null,
    "num_i": null,
    "max_q": null,
    "phonectic": "/(YOY)/",
    "id_course": 101000004,
    "des": null
  },
  {
    "id_word": 101003006,
    "id_subject": 101000157,
    "word": "GDP",
    "mean": "tổng sản phẩm nội địa",
    "example": null,
    "example_mean": null,
    "num_ef": null,
    "time_date": null,
    "next_time": null,
    "num_n": null,
    "num_i": null,
    "max_q": null,
    "phonectic": "/(GDP)/",
    "id_course": 101000004,
    "des": null
  },
  {
    "id_word": 101003007,
    "id_subject": 101000157,
    "word": "IPO",
    "mean": "phát hành chứng khoáng lần đầu ra công chúng",
    "example": null,
    "example_mean": null,
    "num_ef": null,
    "time_date": null,
    "next_time": null,
    "num_n": null,
    "num_i": null,
    "max_q": null,
    "phonectic": "/(IPO)/",
    "id_course": 101000004,
    "des": null
  },
  {
    "id_word": 101003008,
    "id_subject": 101000157,
    "word": "attn",
    "mean": "xin được gửi đến",
    "example": null,
    "example_mean": null,
    "num_ef": null,
    "time_date": null,
    "next_time": null,
    "num_n": null,
    "num_i": null,
    "max_q": null,
    "phonectic": "/(attn)/",
    "id_course": 101000004,
    "des": null
  },
  {
    "id_word": 101003009,
    "id_subject": 101000157,
    "word": "B2B",
    "mean": "doanh nghiệp đến doanh nghiệp",
    "example": null,
    "example_mean": null,
    "num_ef": null,
    "time_date": null,
    "next_time": null,
    "num_n": null,
    "num_i": null,
    "max_q": null,
    "phonectic": "/(B2B)/",
    "id_course": 101000004,
    "des": null
  },
  {
    "id_word": 101003010,
    "id_subject": 101000157,
    "word": "B2C",
    "mean": "doanh nghiệp đến người tiêu dùng",
    "example": null,
    "example_mean": null,
    "num_ef": null,
    "time_date": null,
    "next_time": null,
    "num_n": null,
    "num_i": null,
    "max_q": null,
    "phonectic": "/(B2C)/",
    "id_course": 101000004,
    "des": null
  },
  {
    "id_word": 101003011,
    "id_subject": 101000157,
    "word": "VAT",
    "mean": "thuế giá trị gia tăng",
    "example": null,
    "example_mean": null,
    "num_ef": null,
    "time_date": null,
    "next_time": null,
    "num_n": null,
    "num_i": null,
    "max_q": null,
    "phonectic": "/væt/",
    "id_course": 101000004,
    "des": null
  },
  {
    "id_word": 101003012,
    "id_subject": 101000157,
    "word": "R&D",
    "mean": "nghiên cứu và phát triển",
    "example": null,
    "example_mean": null,
    "num_ef": null,
    "time_date": null,
    "next_time": null,
    "num_n": null,
    "num_i": null,
    "max_q": null,
    "phonectic": "/(ɑːð)/",
    "id_course": 101000004,
    "des": null
  },
  {
    "id_word": 101003013,
    "id_subject": 101000157,
    "word": "ETA",
    "mean": "thời gian dự kiến đến",
    "example": null,
    "example_mean": null,
    "num_ef": null,
    "time_date": null,
    "next_time": null,
    "num_n": null,
    "num_i": null,
    "max_q": null,
    "phonectic": "/(ETA)/",
    "id_course": 101000004,
    "des": null
  },
  {
    "id_word": 101003014,
    "id_subject": 101000157,
    "word": "TBD",
    "mean": "sẽ được quyết định sau",
    "example": null,
    "example_mean": null,
    "num_ef": null,
    "time_date": null,
    "next_time": null,
    "num_n": null,
    "num_i": null,
    "max_q": null,
    "phonectic": "/tiːd/",
    "id_course": 101000004,
    "des": null
  },
  {
    "id_word": 101003015,
    "id_subject": 101000157,
    "word": "EOB",
    "mean": "kết thúc giao dịch",
    "example": null,
    "example_mean": null,
    "num_ef": null,
    "time_date": null,
    "next_time": null,
    "num_n": null,
    "num_i": null,
    "max_q": null,
    "phonectic": "/(EOB)/",
    "id_course": 101000004,
    "des": null
  },
  {
    "id_word": 101003016,
    "id_subject": 101000157,
    "word": "WFH",
    "mean": "làm việc từ xa",
    "example": null,
    "example_mean": null,
    "num_ef": null,
    "time_date": null,
    "next_time": null,
    "num_n": null,
    "num_i": null,
    "max_q": null,
    "phonectic": "/(WFH)/",
    "id_course": 101000004,
    "des": null
  },
  {
    "id_word": 101003017,
    "id_subject": 101000158,
    "word": "black market",
    "mean": "chợ đen",
    "example": null,
    "example_mean": null,
    "num_ef": null,
    "time_date": null,
    "next_time": null,
    "num_n": null,
    "num_i": null,
    "max_q": null,
    "phonectic": null,
    "id_course": 101000004,
    "des": null
  },
  {
    "id_word": 101003018,
    "id_subject": 101000158,
    "word": "blank cheque",
    "mean": "tự do hành động",
    "example": null,
    "example_mean": null,
    "num_ef": null,
    "time_date": null,
    "next_time": null,
    "num_n": null,
    "num_i": null,
    "max_q": null,
    "phonectic": null,
    "id_course": 101000004,
    "des": null
  },
  {
    "id_word": 101003019,
    "id_subject": 101000158,
    "word": "above board",
    "mean": "hợp pháp và ngay thẳng",
    "example": null,
    "example_mean": null,
    "num_ef": null,
    "time_date": null,
    "next_time": null,
    "num_n": null,
    "num_i": null,
    "max_q": null,
    "phonectic": null,
    "id_course": 101000004,
    "des": null
  },
  {
    "id_word": 101003020,
    "id_subject": 101000158,
    "word": "to break your back",
    "mean": "cố gắng làm một việc rất khó khăn",
    "example": null,
    "example_mean": null,
    "num_ef": null,
    "time_date": null,
    "next_time": null,
    "num_n": null,
    "num_i": null,
    "max_q": null,
    "phonectic": null,
    "id_course": 101000004,
    "des": null
  },
  {
    "id_word": 101003021,
    "id_subject": 101000158,
    "word": "piece of cake",
    "mean": "rất dễ dàng",
    "example": null,
    "example_mean": null,
    "num_ef": null,
    "time_date": null,
    "next_time": null,
    "num_n": null,
    "num_i": null,
    "max_q": null,
    "phonectic": null,
    "id_course": 101000004,
    "des": null
  },
  {
    "id_word": 101003022,
    "id_subject": 101000158,
    "word": "calculated risk",
    "mean": "sự rủi ro được dự liệu",
    "example": null,
    "example_mean": null,
    "num_ef": null,
    "time_date": null,
    "next_time": null,
    "num_n": null,
    "num_i": null,
    "max_q": null,
    "phonectic": null,
    "id_course": 101000004,
    "des": null
  },
  {
    "id_word": 101003023,
    "id_subject": 101000158,
    "word": "to call the shots",
    "mean": "chịu trách nhiệm",
    "example": null,
    "example_mean": null,
    "num_ef": null,
    "time_date": null,
    "next_time": null,
    "num_n": null,
    "num_i": null,
    "max_q": null,
    "phonectic": null,
    "id_course": 101000004,
    "des": null
  },
  {
    "id_word": 101003024,
    "id_subject": 101000158,
    "word": "can of worms",
    "mean": "tập hợp các vấn đề",
    "example": null,
    "example_mean": null,
    "num_ef": null,
    "time_date": null,
    "next_time": null,
    "num_n": null,
    "num_i": null,
    "max_q": null,
    "phonectic": null,
    "id_course": 101000004,
    "des": null
  },
  {
    "id_word": 101003025,
    "id_subject": 101000158,
    "word": "to be in cahoots with someone",
    "mean": "cấu kết (làm việc xấu)",
    "example": null,
    "example_mean": null,
    "num_ef": null,
    "time_date": null,
    "next_time": null,
    "num_n": null,
    "num_i": null,
    "max_q": null,
    "phonectic": null,
    "id_course": 101000004,
    "des": null
  },
  {
    "id_word": 101003026,
    "id_subject": 101000158,
    "word": "daylight robbery",
    "mean": "giá quá cao (cướp ngày)",
    "example": null,
    "example_mean": null,
    "num_ef": null,
    "time_date": null,
    "next_time": null,
    "num_n": null,
    "num_i": null,
    "max_q": null,
    "phonectic": null,
    "id_course": 101000004,
    "des": null
  },
  {
    "id_word": 101003027,
    "id_subject": 101000158,
    "word": "dead cert",
    "mean": "chắc chắn sẽ diễn ra",
    "example": null,
    "example_mean": null,
    "num_ef": null,
    "time_date": null,
    "next_time": null,
    "num_n": null,
    "num_i": null,
    "max_q": null,
    "phonectic": null,
    "id_course": 101000004,
    "des": null
  },
  {
    "id_word": 101003028,
    "id_subject": 101000158,
    "word": "dead duck",
    "mean": "chắc chắn sẽ thất bại",
    "example": null,
    "example_mean": null,
    "num_ef": null,
    "time_date": null,
    "next_time": null,
    "num_n": null,
    "num_i": null,
    "max_q": null,
    "phonectic": null,
    "id_course": 101000004,
    "des": null
  },
  {
    "id_word": 101003029,
    "id_subject": 101000158,
    "word": "eager beaver",
    "mean": "người nhiệt tình (đôi khi hơi quá)",
    "example": null,
    "example_mean": null,
    "num_ef": null,
    "time_date": null,
    "next_time": null,
    "num_n": null,
    "num_i": null,
    "max_q": null,
    "phonectic": null,
    "id_course": 101000004,
    "des": null
  },
  {
    "id_word": 101003030,
    "id_subject": 101000158,
    "word": "music to your ears",
    "mean": "điều làm cho một người hạnh phúc sau khi nghe",
    "example": null,
    "example_mean": null,
    "num_ef": null,
    "time_date": null,
    "next_time": null,
    "num_n": null,
    "num_i": null,
    "max_q": null,
    "phonectic": null,
    "id_course": 101000004,
    "des": null
  },
  {
    "id_word": 101003031,
    "id_subject": 101000158,
    "word": "easier said than done",
    "mean": "nói thì dễ hơn làm",
    "example": null,
    "example_mean": null,
    "num_ef": null,
    "time_date": null,
    "next_time": null,
    "num_n": null,
    "num_i": null,
    "max_q": null,
    "phonectic": null,
    "id_course": 101000004,
    "des": null
  },
  {
    "id_word": 101003032,
    "id_subject": 101000158,
    "word": "elephant in the room",
    "mean": "vấn đề ai cũng hiểu những không ai muốn đề cập",
    "example": null,
    "example_mean": null,
    "num_ef": null,
    "time_date": null,
    "next_time": null,
    "num_n": null,
    "num_i": null,
    "max_q": null,
    "phonectic": null,
    "id_course": 101000004,
    "des": null
  },
  {
    "id_word": 101003033,
    "id_subject": 101000158,
    "word": "to have half a mind",
    "mean": "dự định nghiêm túc đến một cách bất ngờ",
    "example": null,
    "example_mean": null,
    "num_ef": null,
    "time_date": null,
    "next_time": null,
    "num_n": null,
    "num_i": null,
    "max_q": null,
    "phonectic": null,
    "id_course": 101000004,
    "des": null
  },
  {
    "id_word": 101003034,
    "id_subject": 101000158,
    "word": "to jump the gun",
    "mean": "đưa quyết định dựa trên bằng chứng không rõ ràng",
    "example": null,
    "example_mean": null,
    "num_ef": null,
    "time_date": null,
    "next_time": null,
    "num_n": null,
    "num_i": null,
    "max_q": null,
    "phonectic": null,
    "id_course": 101000004,
    "des": null
  },
  {
    "id_word": 101003035,
    "id_subject": 101000158,
    "word": "to make cold calls",
    "mean": "gọi điện thoại chào hàng cho người không quen biết",
    "example": null,
    "example_mean": null,
    "num_ef": null,
    "time_date": null,
    "next_time": null,
    "num_n": null,
    "num_i": null,
    "max_q": null,
    "phonectic": null,
    "id_course": 101000004,
    "des": null
  },
  {
    "id_word": 101003036,
    "id_subject": 101000158,
    "word": "necessary evil",
    "mean": "điều cần thiết phải làm mặc dù không muốn thực hiện",
    "example": null,
    "example_mean": null,
    "num_ef": null,
    "time_date": null,
    "next_time": null,
    "num_n": null,
    "num_i": null,
    "max_q": null,
    "phonectic": null,
    "id_course": 101000004,
    "des": null
  },
  {
    "id_word": 101003037,
    "id_subject": 101000158,
    "word": "to paper over the cracks",
    "mean": "giải quyết vấn đề nghiêm trọng bằng các giải pháp hời hợt",
    "example": null,
    "example_mean": null,
    "num_ef": null,
    "time_date": null,
    "next_time": null,
    "num_n": null,
    "num_i": null,
    "max_q": null,
    "phonectic": null,
    "id_course": 101000004,
    "des": null
  },
  {
    "id_word": 101003038,
    "id_subject": 101000158,
    "word": "from rags to riches",
    "mean": "một bước lên tiên (từ nghèo thành giàu)",
    "example": null,
    "example_mean": null,
    "num_ef": null,
    "time_date": null,
    "next_time": null,
    "num_n": null,
    "num_i": null,
    "max_q": null,
    "phonectic": null,
    "id_course": 101000004,
    "des": null
  },
  {
    "id_word": 101003039,
    "id_subject": 101000158,
    "word": "to get the sack",
    "mean": "mất việc (thường do bị đuổi)",
    "example": null,
    "example_mean": null,
    "num_ef": null,
    "time_date": null,
    "next_time": null,
    "num_n": null,
    "num_i": null,
    "max_q": null,
    "phonectic": null,
    "id_course": 101000004,
    "des": null
  },
  {
    "id_word": 101003040,
    "id_subject": 101000158,
    "word": "to sail close to the wind",
    "mean": "giữa ranh giới thiện ác",
    "example": null,
    "example_mean": null,
    "num_ef": null,
    "time_date": null,
    "next_time": null,
    "num_n": null,
    "num_i": null,
    "max_q": null,
    "phonectic": null,
    "id_course": 101000004,
    "des": null
  },
  {
    "id_word": 101003041,
    "id_subject": 101000159,
    "word": "finance",
    "mean": "thương mại",
    "example": null,
    "example_mean": null,
    "num_ef": null,
    "time_date": null,
    "next_time": null,
    "num_n": null,
    "num_i": null,
    "max_q": null,
    "phonectic": "/faɪˈnæns/",
    "id_course": 101000004,
    "des": null
  },
  {
    "id_word": 101003042,
    "id_subject": 101000159,
    "word": "to finance",
    "mean": "cấp vốn",
    "example": null,
    "example_mean": null,
    "num_ef": null,
    "time_date": null,
    "next_time": null,
    "num_n": null,
    "num_i": null,
    "max_q": null,
    "phonectic": null,
    "id_course": 101000004,
    "des": null
  },
  {
    "id_word": 101003043,
    "id_subject": 101000159,
    "word": "financial",
    "mean": "(thuộc) tài chính",
    "example": null,
    "example_mean": null,
    "num_ef": null,
    "time_date": null,
    "next_time": null,
    "num_n": null,
    "num_i": null,
    "max_q": null,
    "phonectic": "/faɪˈnænʃəl/",
    "id_course": 101000004,
    "des": null
  },
  {
    "id_word": 101003044,
    "id_subject": 101000159,
    "word": "a financier",
    "mean": "người làm trong lĩnh vực tài chính",
    "example": null,
    "example_mean": null,
    "num_ef": null,
    "time_date": null,
    "next_time": null,
    "num_n": null,
    "num_i": null,
    "max_q": null,
    "phonectic": null,
    "id_course": 101000004,
    "des": null
  },
  {
    "id_word": 101003045,
    "id_subject": 101000159,
    "word": "a profit",
    "mean": "lợi nhuận",
    "example": null,
    "example_mean": null,
    "num_ef": null,
    "time_date": null,
    "next_time": null,
    "num_n": null,
    "num_i": null,
    "max_q": null,
    "phonectic": null,
    "id_course": 101000004,
    "des": null
  },
  {
    "id_word": 101003046,
    "id_subject": 101000159,
    "word": "to profit",
    "mean": "thu lời",
    "example": null,
    "example_mean": null,
    "num_ef": null,
    "time_date": null,
    "next_time": null,
    "num_n": null,
    "num_i": null,
    "max_q": null,
    "phonectic": null,
    "id_course": 101000004,
    "des": null
  },
  {
    "id_word": 101003047,
    "id_subject": 101000159,
    "word": "gross profit",
    "mean": "tổng lợi nhuận",
    "example": null,
    "example_mean": null,
    "num_ef": null,
    "time_date": null,
    "next_time": null,
    "num_n": null,
    "num_i": null,
    "max_q": null,
    "phonectic": null,
    "id_course": 101000004,
    "des": null
  },
  {
    "id_word": 101003048,
    "id_subject": 101000159,
    "word": "net profit",
    "mean": "lợi nhuận ròng",
    "example": null,
    "example_mean": null,
    "num_ef": null,
    "time_date": null,
    "next_time": null,
    "num_n": null,
    "num_i": null,
    "max_q": null,
    "phonectic": null,
    "id_course": 101000004,
    "des": null
  },
  {
    "id_word": 101003049,
    "id_subject": 101000159,
    "word": "a loss",
    "mean": "món lỗ",
    "example": null,
    "example_mean": null,
    "num_ef": null,
    "time_date": null,
    "next_time": null,
    "num_n": null,
    "num_i": null,
    "max_q": null,
    "phonectic": null,
    "id_course": 101000004,
    "des": null
  },
  {
    "id_word": 101003050,
    "id_subject": 101000159,
    "word": "to lose",
    "mean": "thua lỗ",
    "example": null,
    "example_mean": null,
    "num_ef": null,
    "time_date": null,
    "next_time": null,
    "num_n": null,
    "num_i": null,
    "max_q": null,
    "phonectic": null,
    "id_course": 101000004,
    "des": null
  },
  {
    "id_word": 101003051,
    "id_subject": 101000159,
    "word": "a share",
    "mean": "cổ phần",
    "example": null,
    "example_mean": null,
    "num_ef": null,
    "time_date": null,
    "next_time": null,
    "num_n": null,
    "num_i": null,
    "max_q": null,
    "phonectic": null,
    "id_course": 101000004,
    "des": null
  },
  {
    "id_word": 101003052,
    "id_subject": 101000159,
    "word": "an accountant",
    "mean": "nhân viên kế toán",
    "example": null,
    "example_mean": null,
    "num_ef": null,
    "time_date": null,
    "next_time": null,
    "num_n": null,
    "num_i": null,
    "max_q": null,
    "phonectic": null,
    "id_course": 101000004,
    "des": null
  },
  {
    "id_word": 101003053,
    "id_subject": 101000159,
    "word": "a budget",
    "mean": "ngân sách",
    "example": null,
    "example_mean": null,
    "num_ef": null,
    "time_date": null,
    "next_time": null,
    "num_n": null,
    "num_i": null,
    "max_q": null,
    "phonectic": null,
    "id_course": 101000004,
    "des": null
  },
  {
    "id_word": 101003054,
    "id_subject": 101000159,
    "word": "to budget",
    "mean": "hoạch định ngân sách",
    "example": null,
    "example_mean": null,
    "num_ef": null,
    "time_date": null,
    "next_time": null,
    "num_n": null,
    "num_i": null,
    "max_q": null,
    "phonectic": null,
    "id_course": 101000004,
    "des": null
  },
  {
    "id_word": 101003055,
    "id_subject": 101000159,
    "word": "a trader",
    "mean": "nhà buôn",
    "example": null,
    "example_mean": null,
    "num_ef": null,
    "time_date": null,
    "next_time": null,
    "num_n": null,
    "num_i": null,
    "max_q": null,
    "phonectic": null,
    "id_course": 101000004,
    "des": null
  },
  {
    "id_word": 101003056,
    "id_subject": 101000159,
    "word": "bitcoin",
    "mean": "đơn vị tiền tệ được thiết lập từ thuật toán, có thể dùng để trao đổi giữa các cá nhân, không cần qua ngân hàng",
    "example": null,
    "example_mean": null,
    "num_ef": null,
    "time_date": null,
    "next_time": null,
    "num_n": null,
    "num_i": null,
    "max_q": null,
    "phonectic": "/(bitcoin)/",
    "id_course": 101000004,
    "des": null
  },
  {
    "id_word": 101003057,
    "id_subject": 101000159,
    "word": "a debt",
    "mean": "món nợ",
    "example": null,
    "example_mean": null,
    "num_ef": null,
    "time_date": null,
    "next_time": null,
    "num_n": null,
    "num_i": null,
    "max_q": null,
    "phonectic": null,
    "id_course": 101000004,
    "des": null
  },
  {
    "id_word": 101003058,
    "id_subject": 101000159,
    "word": "to owe",
    "mean": "nợ",
    "example": null,
    "example_mean": null,
    "num_ef": null,
    "time_date": null,
    "next_time": null,
    "num_n": null,
    "num_i": null,
    "max_q": null,
    "phonectic": null,
    "id_course": 101000004,
    "des": null
  },
  {
    "id_word": 101003059,
    "id_subject": 101000159,
    "word": "exchange rate",
    "mean": "tỷ giá đối hoài (tỷ giá đổi tiền)",
    "example": null,
    "example_mean": null,
    "num_ef": null,
    "time_date": null,
    "next_time": null,
    "num_n": null,
    "num_i": null,
    "max_q": null,
    "phonectic": null,
    "id_course": 101000004,
    "des": null
  },
  {
    "id_word": 101003060,
    "id_subject": 101000159,
    "word": "to invest",
    "mean": "đầu tư",
    "example": null,
    "example_mean": null,
    "num_ef": null,
    "time_date": null,
    "next_time": null,
    "num_n": null,
    "num_i": null,
    "max_q": null,
    "phonectic": null,
    "id_course": 101000004,
    "des": null
  },
  {
    "id_word": 101003061,
    "id_subject": 101000159,
    "word": "an investor",
    "mean": "nhà đầu tư",
    "example": null,
    "example_mean": null,
    "num_ef": null,
    "time_date": null,
    "next_time": null,
    "num_n": null,
    "num_i": null,
    "max_q": null,
    "phonectic": null,
    "id_course": 101000004,
    "des": null
  },
  {
    "id_word": 101003062,
    "id_subject": 101000159,
    "word": "an investment",
    "mean": "sự đầu tư",
    "example": null,
    "example_mean": null,
    "num_ef": null,
    "time_date": null,
    "next_time": null,
    "num_n": null,
    "num_i": null,
    "max_q": null,
    "phonectic": null,
    "id_course": 101000004,
    "des": null
  },
  {
    "id_word": 101003063,
    "id_subject": 101000159,
    "word": "to lend",
    "mean": "cho vay",
    "example": null,
    "example_mean": null,
    "num_ef": null,
    "time_date": null,
    "next_time": null,
    "num_n": null,
    "num_i": null,
    "max_q": null,
    "phonectic": null,
    "id_course": 101000004,
    "des": null
  },
  {
    "id_word": 101003064,
    "id_subject": 101000159,
    "word": "a loan",
    "mean": "lượng tiền cho vay",
    "example": null,
    "example_mean": null,
    "num_ef": null,
    "time_date": null,
    "next_time": null,
    "num_n": null,
    "num_i": null,
    "max_q": null,
    "phonectic": null,
    "id_course": 101000004,
    "des": null
  },
  {
    "id_word": 101003065,
    "id_subject": 101000159,
    "word": "to borrow",
    "mean": "cầm đồ",
    "example": null,
    "example_mean": null,
    "num_ef": null,
    "time_date": null,
    "next_time": null,
    "num_n": null,
    "num_i": null,
    "max_q": null,
    "phonectic": null,
    "id_course": 101000004,
    "des": null
  },
  {
    "id_word": 101003066,
    "id_subject": 101000159,
    "word": "interest rate",
    "mean": "lãi suất",
    "example": null,
    "example_mean": null,
    "num_ef": null,
    "time_date": null,
    "next_time": null,
    "num_n": null,
    "num_i": null,
    "max_q": null,
    "phonectic": null,
    "id_course": 101000004,
    "des": null
  },
  {
    "id_word": 101003067,
    "id_subject": 101000159,
    "word": "a market",
    "mean": "nơi giao dịch",
    "example": null,
    "example_mean": null,
    "num_ef": null,
    "time_date": null,
    "next_time": null,
    "num_n": null,
    "num_i": null,
    "max_q": null,
    "phonectic": null,
    "id_course": 101000004,
    "des": null
  },
  {
    "id_word": 101003068,
    "id_subject": 101000159,
    "word": "the markets",
    "mean": "thị trường (ví dụ: thị trường tiền tệ, thị trường tài chính)",
    "example": null,
    "example_mean": null,
    "num_ef": null,
    "time_date": null,
    "next_time": null,
    "num_n": null,
    "num_i": null,
    "max_q": null,
    "phonectic": null,
    "id_course": 101000004,
    "des": null
  },
  {
    "id_word": 101003069,
    "id_subject": 101000159,
    "word": "a bull market",
    "mean": "thị trường nơi giá cổ phiếu tăng",
    "example": null,
    "example_mean": null,
    "num_ef": null,
    "time_date": null,
    "next_time": null,
    "num_n": null,
    "num_i": null,
    "max_q": null,
    "phonectic": null,
    "id_course": 101000004,
    "des": null
  },
  {
    "id_word": 101003070,
    "id_subject": 101000159,
    "word": "a bear market",
    "mean": "thị trường nơi giá cổ phiếu đang giảm",
    "example": null,
    "example_mean": null,
    "num_ef": null,
    "time_date": null,
    "next_time": null,
    "num_n": null,
    "num_i": null,
    "max_q": null,
    "phonectic": null,
    "id_course": 101000004,
    "des": null
  },
  {
    "id_word": 101003071,
    "id_subject": 101000159,
    "word": "a hedge fund",
    "mean": "quỹ bảo hiểm rui ro",
    "example": null,
    "example_mean": null,
    "num_ef": null,
    "time_date": null,
    "next_time": null,
    "num_n": null,
    "num_i": null,
    "max_q": null,
    "phonectic": null,
    "id_course": 101000004,
    "des": null
  },
  {
    "id_word": 101003072,
    "id_subject": 101000159,
    "word": "a bond",
    "mean": "cam kết",
    "example": null,
    "example_mean": null,
    "num_ef": null,
    "time_date": null,
    "next_time": null,
    "num_n": null,
    "num_i": null,
    "max_q": null,
    "phonectic": null,
    "id_course": 101000004,
    "des": null
  },
  {
    "id_word": 101003073,
    "id_subject": 101000159,
    "word": "an investment trust",
    "mean": "quỹ ủy thoác đầu tư",
    "example": null,
    "example_mean": null,
    "num_ef": null,
    "time_date": null,
    "next_time": null,
    "num_n": null,
    "num_i": null,
    "max_q": null,
    "phonectic": null,
    "id_course": 101000004,
    "des": null
  },
  {
    "id_word": 101003074,
    "id_subject": 101000159,
    "word": "a portfolio",
    "mean": "danh mục đầu tư",
    "example": null,
    "example_mean": null,
    "num_ef": null,
    "time_date": null,
    "next_time": null,
    "num_n": null,
    "num_i": null,
    "max_q": null,
    "phonectic": null,
    "id_course": 101000004,
    "des": null
  },
  {
    "id_word": 101003075,
    "id_subject": 101000159,
    "word": "a strategy",
    "mean": "chiến lược",
    "example": null,
    "example_mean": null,
    "num_ef": null,
    "time_date": null,
    "next_time": null,
    "num_n": null,
    "num_i": null,
    "max_q": null,
    "phonectic": null,
    "id_course": 101000004,
    "des": null
  },
  {
    "id_word": 101003076,
    "id_subject": 101000159,
    "word": "high-risk",
    "mean": "mạo hiểm cao",
    "example": null,
    "example_mean": null,
    "num_ef": null,
    "time_date": null,
    "next_time": null,
    "num_n": null,
    "num_i": null,
    "max_q": null,
    "phonectic": "/ˈhaɪrɪsk/",
    "id_course": 101000004,
    "des": null
  },
  {
    "id_word": 101003077,
    "id_subject": 101000159,
    "word": "low-risk",
    "mean": "mạo hiểm thấp",
    "example": null,
    "example_mean": null,
    "num_ef": null,
    "time_date": null,
    "next_time": null,
    "num_n": null,
    "num_i": null,
    "max_q": null,
    "phonectic": "/(lowrisk)/",
    "id_course": 101000004,
    "des": null
  },
  {
    "id_word": 101003078,
    "id_subject": 101000159,
    "word": "a fund manager",
    "mean": "người quản lý quỹ đầu tư",
    "example": null,
    "example_mean": null,
    "num_ef": null,
    "time_date": null,
    "next_time": null,
    "num_n": null,
    "num_i": null,
    "max_q": null,
    "phonectic": null,
    "id_course": 101000004,
    "des": null
  },
  {
    "id_word": 101003079,
    "id_subject": 101000159,
    "word": "to outperform",
    "mean": "làm tốt hơn (sao cho tốc độ tiền thu về tốt hơn tốc độ bình quân của thị trường)",
    "example": null,
    "example_mean": null,
    "num_ef": null,
    "time_date": null,
    "next_time": null,
    "num_n": null,
    "num_i": null,
    "max_q": null,
    "phonectic": null,
    "id_course": 101000004,
    "des": null
  },
  {
    "id_word": 101003080,
    "id_subject": 101000159,
    "word": "a return (on an investment)",
    "mean": "doanh thu",
    "example": null,
    "example_mean": null,
    "num_ef": null,
    "time_date": null,
    "next_time": null,
    "num_n": null,
    "num_i": null,
    "max_q": null,
    "phonectic": null,
    "id_course": 101000004,
    "des": null
  },
  {
    "id_word": 101003081,
    "id_subject": 101000159,
    "word": "a dividend",
    "mean": "tiền lãi từ cổ phần",
    "example": null,
    "example_mean": null,
    "num_ef": null,
    "time_date": null,
    "next_time": null,
    "num_n": null,
    "num_i": null,
    "max_q": null,
    "phonectic": null,
    "id_course": 101000004,
    "des": null
  },
  {
    "id_word": 101003082,
    "id_subject": 101000159,
    "word": "the stock market",
    "mean": "thị trường chứng khoáng",
    "example": null,
    "example_mean": null,
    "num_ef": null,
    "time_date": null,
    "next_time": null,
    "num_n": null,
    "num_i": null,
    "max_q": null,
    "phonectic": null,
    "id_course": 101000004,
    "des": null
  },
  {
    "id_word": 101003083,
    "id_subject": 101000159,
    "word": "a commodity",
    "mean": "hàng hóa",
    "example": null,
    "example_mean": null,
    "num_ef": null,
    "time_date": null,
    "next_time": null,
    "num_n": null,
    "num_i": null,
    "max_q": null,
    "phonectic": null,
    "id_course": 101000004,
    "des": null
  },
  {
    "id_word": 101003084,
    "id_subject": 101000159,
    "word": "publicly traded",
    "mean": "giao dịch đại chúng",
    "example": null,
    "example_mean": null,
    "num_ef": null,
    "time_date": null,
    "next_time": null,
    "num_n": null,
    "num_i": null,
    "max_q": null,
    "phonectic": null,
    "id_course": 101000004,
    "des": null
  },
  {
    "id_word": 101003085,
    "id_subject": 101000159,
    "word": "an algorithm",
    "mean": "thuật toán",
    "example": null,
    "example_mean": null,
    "num_ef": null,
    "time_date": null,
    "next_time": null,
    "num_n": null,
    "num_i": null,
    "max_q": null,
    "phonectic": null,
    "id_course": 101000004,
    "des": null
  },
  {
    "id_word": 101003086,
    "id_subject": 101000159,
    "word": "insider trading",
    "mean": "giao dịch nội bộ (thường không hợp pháp vì dựa vào thông tin mật)",
    "example": null,
    "example_mean": null,
    "num_ef": null,
    "time_date": null,
    "next_time": null,
    "num_n": null,
    "num_i": null,
    "max_q": null,
    "phonectic": null,
    "id_course": 101000004,
    "des": null
  },
  {
    "id_word": 101003087,
    "id_subject": 101000159,
    "word": "accounts",
    "mean": "bảng kê khai ngân sách",
    "example": null,
    "example_mean": null,
    "num_ef": null,
    "time_date": null,
    "next_time": null,
    "num_n": null,
    "num_i": null,
    "max_q": null,
    "phonectic": "/əˈkaʊnts/",
    "id_course": 101000004,
    "des": null
  },
  {
    "id_word": 101003088,
    "id_subject": 101000160,
    "word": "technology",
    "mean": "công nghệ",
    "example": null,
    "example_mean": null,
    "num_ef": null,
    "time_date": null,
    "next_time": null,
    "num_n": null,
    "num_i": null,
    "max_q": null,
    "phonectic": "/tekˈnɒləʤɪ/",
    "id_course": 101000004,
    "des": null
  },
  {
    "id_word": 101003089,
    "id_subject": 101000160,
    "word": "information technology",
    "mean": "công nghệ thông tin",
    "example": null,
    "example_mean": null,
    "num_ef": null,
    "time_date": null,
    "next_time": null,
    "num_n": null,
    "num_i": null,
    "max_q": null,
    "phonectic": null,
    "id_course": 101000004,
    "des": null
  },
  {
    "id_word": 101003090,
    "id_subject": 101000160,
    "word": "technical",
    "mean": "(thuộc) kỹ thuật",
    "example": null,
    "example_mean": null,
    "num_ef": null,
    "time_date": null,
    "next_time": null,
    "num_n": null,
    "num_i": null,
    "max_q": null,
    "phonectic": "/ˈteknɪkəl/",
    "id_course": 101000004,
    "des": null
  },
  {
    "id_word": 101003091,
    "id_subject": 101000160,
    "word": "the internet",
    "mean": "mạng Internet",
    "example": null,
    "example_mean": null,
    "num_ef": null,
    "time_date": null,
    "next_time": null,
    "num_n": null,
    "num_i": null,
    "max_q": null,
    "phonectic": null,
    "id_course": 101000004,
    "des": null
  },
  {
    "id_word": 101003092,
    "id_subject": 101000160,
    "word": "the web",
    "mean": "trang website",
    "example": null,
    "example_mean": null,
    "num_ef": null,
    "time_date": null,
    "next_time": null,
    "num_n": null,
    "num_i": null,
    "max_q": null,
    "phonectic": null,
    "id_course": 101000004,
    "des": null
  },
  {
    "id_word": 101003093,
    "id_subject": 101000160,
    "word": "software",
    "mean": "phần mềm",
    "example": null,
    "example_mean": null,
    "num_ef": null,
    "time_date": null,
    "next_time": null,
    "num_n": null,
    "num_i": null,
    "max_q": null,
    "phonectic": "/(software)/",
    "id_course": 101000004,
    "des": null
  },
  {
    "id_word": 101003094,
    "id_subject": 101000160,
    "word": "hardware",
    "mean": "phần cứng",
    "example": null,
    "example_mean": null,
    "num_ef": null,
    "time_date": null,
    "next_time": null,
    "num_n": null,
    "num_i": null,
    "max_q": null,
    "phonectic": "/ˈhɑːdweə/",
    "id_course": 101000004,
    "des": null
  },
  {
    "id_word": 101003095,
    "id_subject": 101000160,
    "word": "a product",
    "mean": "sản phẩm",
    "example": null,
    "example_mean": null,
    "num_ef": null,
    "time_date": null,
    "next_time": null,
    "num_n": null,
    "num_i": null,
    "max_q": null,
    "phonectic": null,
    "id_course": 101000004,
    "des": null
  },
  {
    "id_word": 101003096,
    "id_subject": 101000160,
    "word": "a service",
    "mean": "dịch vụ",
    "example": null,
    "example_mean": null,
    "num_ef": null,
    "time_date": null,
    "next_time": null,
    "num_n": null,
    "num_i": null,
    "max_q": null,
    "phonectic": null,
    "id_course": 101000004,
    "des": null
  },
  {
    "id_word": 101003097,
    "id_subject": 101000160,
    "word": "to code",
    "mean": "lập trình",
    "example": null,
    "example_mean": null,
    "num_ef": null,
    "time_date": null,
    "next_time": null,
    "num_n": null,
    "num_i": null,
    "max_q": null,
    "phonectic": null,
    "id_course": 101000004,
    "des": null
  },
  {
    "id_word": 101003098,
    "id_subject": 101000160,
    "word": "to design",
    "mean": "thiết kế",
    "example": null,
    "example_mean": null,
    "num_ef": null,
    "time_date": null,
    "next_time": null,
    "num_n": null,
    "num_i": null,
    "max_q": null,
    "phonectic": null,
    "id_course": 101000004,
    "des": null
  },
  {
    "id_word": 101003099,
    "id_subject": 101000160,
    "word": "to build",
    "mean": "xây dựng, tạo ra",
    "example": null,
    "example_mean": null,
    "num_ef": null,
    "time_date": null,
    "next_time": null,
    "num_n": null,
    "num_i": null,
    "max_q": null,
    "phonectic": null,
    "id_course": 101000004,
    "des": null
  },
  {
    "id_word": 101003100,
    "id_subject": 101000160,
    "word": "user experience",
    "mean": "trải nghiệm của người dùng",
    "example": null,
    "example_mean": null,
    "num_ef": null,
    "time_date": null,
    "next_time": null,
    "num_n": null,
    "num_i": null,
    "max_q": null,
    "phonectic": null,
    "id_course": 101000004,
    "des": null
  },
  {
    "id_word": 101003101,
    "id_subject": 101000160,
    "word": "user interface",
    "mean": "tương tác (với sản phẩm) của người dùng",
    "example": null,
    "example_mean": null,
    "num_ef": null,
    "time_date": null,
    "next_time": null,
    "num_n": null,
    "num_i": null,
    "max_q": null,
    "phonectic": null,
    "id_course": 101000004,
    "des": null
  },
  {
    "id_word": 101003102,
    "id_subject": 101000160,
    "word": "agile development",
    "mean": "lập trình linh hoạt (xây dựng từng phần của sản phẩm, nhận phản hồi từ khách hàng, sửa chữa sản phẩm. Quy trình này diễn ra đến khi sản phẩm được hoàn thành)",
    "example": null,
    "example_mean": null,
    "num_ef": null,
    "time_date": null,
    "next_time": null,
    "num_n": null,
    "num_i": null,
    "max_q": null,
    "phonectic": null,
    "id_course": 101000004,
    "des": null
  },
  {
    "id_word": 101003103,
    "id_subject": 101000160,
    "word": "to iterate",
    "mean": "lặp lại",
    "example": null,
    "example_mean": null,
    "num_ef": null,
    "time_date": null,
    "next_time": null,
    "num_n": null,
    "num_i": null,
    "max_q": null,
    "phonectic": null,
    "id_course": 101000004,
    "des": null
  },
  {
    "id_word": 101003104,
    "id_subject": 101000160,
    "word": "waterfall project management",
    "mean": "quản lý theo mô hình thác nước (thiết kế sản phẩm hoàn thiện dựa trên sự thỏa thuận từ trước với khách hàng)",
    "example": null,
    "example_mean": null,
    "num_ef": null,
    "time_date": null,
    "next_time": null,
    "num_n": null,
    "num_i": null,
    "max_q": null,
    "phonectic": null,
    "id_course": 101000004,
    "des": null
  },
  {
    "id_word": 101003105,
    "id_subject": 101000160,
    "word": "a project manager",
    "mean": "người quản lý dự án",
    "example": null,
    "example_mean": null,
    "num_ef": null,
    "time_date": null,
    "next_time": null,
    "num_n": null,
    "num_i": null,
    "max_q": null,
    "phonectic": null,
    "id_course": 101000004,
    "des": null
  },
  {
    "id_word": 101003106,
    "id_subject": 101000160,
    "word": "a software developer",
    "mean": "lập trình viên phần mềm",
    "example": null,
    "example_mean": null,
    "num_ef": null,
    "time_date": null,
    "next_time": null,
    "num_n": null,
    "num_i": null,
    "max_q": null,
    "phonectic": null,
    "id_course": 101000004,
    "des": null
  },
  {
    "id_word": 101003107,
    "id_subject": 101000160,
    "word": "a graphic designer",
    "mean": "người thiết kế đồ họa",
    "example": null,
    "example_mean": null,
    "num_ef": null,
    "time_date": null,
    "next_time": null,
    "num_n": null,
    "num_i": null,
    "max_q": null,
    "phonectic": null,
    "id_course": 101000004,
    "des": null
  },
  {
    "id_word": 101003108,
    "id_subject": 101000160,
    "word": "a team",
    "mean": "nhóm",
    "example": null,
    "example_mean": null,
    "num_ef": null,
    "time_date": null,
    "next_time": null,
    "num_n": null,
    "num_i": null,
    "max_q": null,
    "phonectic": null,
    "id_course": 101000004,
    "des": null
  },
  {
    "id_word": 101003109,
    "id_subject": 101000160,
    "word": "a project",
    "mean": "dự án",
    "example": null,
    "example_mean": null,
    "num_ef": null,
    "time_date": null,
    "next_time": null,
    "num_n": null,
    "num_i": null,
    "max_q": null,
    "phonectic": null,
    "id_course": 101000004,
    "des": null
  },
  {
    "id_word": 101003110,
    "id_subject": 101000160,
    "word": "a client",
    "mean": "khách hàng",
    "example": null,
    "example_mean": null,
    "num_ef": null,
    "time_date": null,
    "next_time": null,
    "num_n": null,
    "num_i": null,
    "max_q": null,
    "phonectic": null,
    "id_course": 101000004,
    "des": null
  },
  {
    "id_word": 101003111,
    "id_subject": 101000160,
    "word": "a deadline",
    "mean": "hạn chót",
    "example": null,
    "example_mean": null,
    "num_ef": null,
    "time_date": null,
    "next_time": null,
    "num_n": null,
    "num_i": null,
    "max_q": null,
    "phonectic": null,
    "id_course": 101000004,
    "des": null
  },
  {
    "id_word": 101003112,
    "id_subject": 101000160,
    "word": "a sprint",
    "mean": "giai đoạn nước rút",
    "example": null,
    "example_mean": null,
    "num_ef": null,
    "time_date": null,
    "next_time": null,
    "num_n": null,
    "num_i": null,
    "max_q": null,
    "phonectic": null,
    "id_course": 101000004,
    "des": null
  },
  {
    "id_word": 101003113,
    "id_subject": 101000160,
    "word": "high-tech",
    "mean": "công nghệ cao",
    "example": null,
    "example_mean": null,
    "num_ef": null,
    "time_date": null,
    "next_time": null,
    "num_n": null,
    "num_i": null,
    "max_q": null,
    "phonectic": "/(hightech)/",
    "id_course": 101000004,
    "des": null
  },
  {
    "id_word": 101003114,
    "id_subject": 101000160,
    "word": "a specification",
    "mean": "văn bản mô tả đặc điểm kỹ thuật",
    "example": null,
    "example_mean": null,
    "num_ef": null,
    "time_date": null,
    "next_time": null,
    "num_n": null,
    "num_i": null,
    "max_q": null,
    "phonectic": null,
    "id_course": 101000004,
    "des": null
  },
  {
    "id_word": 101003115,
    "id_subject": 101000160,
    "word": "a programming language",
    "mean": "ngôn ngữ lập trình",
    "example": null,
    "example_mean": null,
    "num_ef": null,
    "time_date": null,
    "next_time": null,
    "num_n": null,
    "num_i": null,
    "max_q": null,
    "phonectic": null,
    "id_course": 101000004,
    "des": null
  },
  {
    "id_word": 101003116,
    "id_subject": 101000160,
    "word": "a browser",
    "mean": "trình duyệt web",
    "example": null,
    "example_mean": null,
    "num_ef": null,
    "time_date": null,
    "next_time": null,
    "num_n": null,
    "num_i": null,
    "max_q": null,
    "phonectic": null,
    "id_course": 101000004,
    "des": null
  },
  {
    "id_word": 101003117,
    "id_subject": 101000160,
    "word": "a compiler",
    "mean": "phần mềm chuyển hóa ngôn ngữ lập trình cấp cao thành một loại ngôn ngữ lập trình khác",
    "example": null,
    "example_mean": null,
    "num_ef": null,
    "time_date": null,
    "next_time": null,
    "num_n": null,
    "num_i": null,
    "max_q": null,
    "phonectic": null,
    "id_course": 101000004,
    "des": null
  },
  {
    "id_word": 101003118,
    "id_subject": 101000160,
    "word": "Github",
    "mean": "trang web cho phép các lập trình viên lưu trữ và chia sẽ \"code\" (các đoạn ngôn ngữ lập trình)",
    "example": null,
    "example_mean": null,
    "num_ef": null,
    "time_date": null,
    "next_time": null,
    "num_n": null,
    "num_i": null,
    "max_q": null,
    "phonectic": "/(Github)/",
    "id_course": 101000004,
    "des": null
  },
  {
    "id_word": 101003119,
    "id_subject": 101000160,
    "word": "to commit",
    "mean": "cam kết, tin tưởng, gửi *code* đến Github",
    "example": null,
    "example_mean": null,
    "num_ef": null,
    "time_date": null,
    "next_time": null,
    "num_n": null,
    "num_i": null,
    "max_q": null,
    "phonectic": null,
    "id_course": 101000004,
    "des": null
  },
  {
    "id_word": 101003120,
    "id_subject": 101000160,
    "word": "to test",
    "mean": "chạy thử \"code\" để xem có hoạt động được không",
    "example": null,
    "example_mean": null,
    "num_ef": null,
    "time_date": null,
    "next_time": null,
    "num_n": null,
    "num_i": null,
    "max_q": null,
    "phonectic": null,
    "id_course": 101000004,
    "des": null
  },
  {
    "id_word": 101003121,
    "id_subject": 101000160,
    "word": "a communication tool",
    "mean": "phần mềm cho phép chia sẽ thông tin, giao tiếp về tin tức, nhiệm vụ, thời hạn giữa các thành viên trong một nhóm",
    "example": null,
    "example_mean": null,
    "num_ef": null,
    "time_date": null,
    "next_time": null,
    "num_n": null,
    "num_i": null,
    "max_q": null,
    "phonectic": null,
    "id_course": 101000004,
    "des": null
  },
  {
    "id_word": 101003122,
    "id_subject": 101000160,
    "word": "a server",
    "mean": "máy chủ",
    "example": null,
    "example_mean": null,
    "num_ef": null,
    "time_date": null,
    "next_time": null,
    "num_n": null,
    "num_i": null,
    "max_q": null,
    "phonectic": null,
    "id_course": 101000004,
    "des": null
  },
  {
    "id_word": 101003123,
    "id_subject": 101000160,
    "word": "a back-end developer",
    "mean": "lập trình viên xây dựng lớp dữ liệu truy cập của phần mềm (ví dụ, xây dựng cơ sở dữ liệu -database)",
    "example": null,
    "example_mean": null,
    "num_ef": null,
    "time_date": null,
    "next_time": null,
    "num_n": null,
    "num_i": null,
    "max_q": null,
    "phonectic": null,
    "id_course": 101000004,
    "des": null
  },
  {
    "id_word": 101003124,
    "id_subject": 101000160,
    "word": "a front-end developer",
    "mean": "lập trình viên xây dựng giao diện của phần mềm (ví dụ, lập trình viên Javascript)",
    "example": null,
    "example_mean": null,
    "num_ef": null,
    "time_date": null,
    "next_time": null,
    "num_n": null,
    "num_i": null,
    "max_q": null,
    "phonectic": null,
    "id_course": 101000004,
    "des": null
  },
  {
    "id_word": 101003125,
    "id_subject": 101000160,
    "word": "a bug",
    "mean": "lỗi (code) làm cho phần mềm không thể chạy",
    "example": null,
    "example_mean": null,
    "num_ef": null,
    "time_date": null,
    "next_time": null,
    "num_n": null,
    "num_i": null,
    "max_q": null,
    "phonectic": null,
    "id_course": 101000004,
    "des": null
  },
  {
    "id_word": 101003126,
    "id_subject": 101000160,
    "word": "a bug report",
    "mean": "báo lỗi (thường trong giao diện web) với mục đích giúp người khác sửa lại các lỗi này",
    "example": null,
    "example_mean": null,
    "num_ef": null,
    "time_date": null,
    "next_time": null,
    "num_n": null,
    "num_i": null,
    "max_q": null,
    "phonectic": null,
    "id_course": 101000004,
    "des": null
  },
  {
    "id_word": 101003127,
    "id_subject": 101000160,
    "word": "to prioritise",
    "mean": "ưu tiên",
    "example": null,
    "example_mean": null,
    "num_ef": null,
    "time_date": null,
    "next_time": null,
    "num_n": null,
    "num_i": null,
    "max_q": null,
    "phonectic": null,
    "id_course": 101000004,
    "des": null
  },
  {
    "id_word": 101003128,
    "id_subject": 101000160,
    "word": "a wireframe",
    "mean": "phác họa cấu trúc một website, thường dùng trong giai đoạn thiết kế giao diện",
    "example": null,
    "example_mean": null,
    "num_ef": null,
    "time_date": null,
    "next_time": null,
    "num_n": null,
    "num_i": null,
    "max_q": null,
    "phonectic": null,
    "id_course": 101000004,
    "des": null
  },
  {
    "id_word": 101003129,
    "id_subject": 101000160,
    "word": "a website",
    "mean": "trang web",
    "example": null,
    "example_mean": null,
    "num_ef": null,
    "time_date": null,
    "next_time": null,
    "num_n": null,
    "num_i": null,
    "max_q": null,
    "phonectic": null,
    "id_course": 101000004,
    "des": null
  },
  {
    "id_word": 101003130,
    "id_subject": 101000160,
    "word": "e-commerce",
    "mean": "thương mại điện tử",
    "example": null,
    "example_mean": null,
    "num_ef": null,
    "time_date": null,
    "next_time": null,
    "num_n": null,
    "num_i": null,
    "max_q": null,
    "phonectic": "/(ecommerce)/",
    "id_course": 101000004,
    "des": null
  },
  {
    "id_word": 101003131,
    "id_subject": 101000160,
    "word": "fintech",
    "mean": "công nghệ dành cho tài chính",
    "example": null,
    "example_mean": null,
    "num_ef": null,
    "time_date": null,
    "next_time": null,
    "num_n": null,
    "num_i": null,
    "max_q": null,
    "phonectic": "/(fintech)/",
    "id_course": 101000004,
    "des": null
  },
  {
    "id_word": 101003132,
    "id_subject": 101000160,
    "word": "edtech",
    "mean": "công nghệ dành cho giáo dục",
    "example": null,
    "example_mean": null,
    "num_ef": null,
    "time_date": null,
    "next_time": null,
    "num_n": null,
    "num_i": null,
    "max_q": null,
    "phonectic": "/(edtech)/",
    "id_course": 101000004,
    "des": null
  },
  {
    "id_word": 101003133,
    "id_subject": 101000160,
    "word": "a database",
    "mean": "cơ sở dữ liệu",
    "example": null,
    "example_mean": null,
    "num_ef": null,
    "time_date": null,
    "next_time": null,
    "num_n": null,
    "num_i": null,
    "max_q": null,
    "phonectic": null,
    "id_course": 101000004,
    "des": null
  },
  {
    "id_word": 101003134,
    "id_subject": 101000160,
    "word": "secure sockets layer",
    "mean": "SSL: hệ thống bảo mật giúp người dùng giao dịch hoặc chia sẽ thông tin",
    "example": null,
    "example_mean": null,
    "num_ef": null,
    "time_date": null,
    "next_time": null,
    "num_n": null,
    "num_i": null,
    "max_q": null,
    "phonectic": null,
    "id_course": 101000004,
    "des": null
  },
  {
    "id_word": 101003135,
    "id_subject": 101000160,
    "word": "encryption",
    "mean": "mã hóa",
    "example": null,
    "example_mean": null,
    "num_ef": null,
    "time_date": null,
    "next_time": null,
    "num_n": null,
    "num_i": null,
    "max_q": null,
    "phonectic": "/(encryption)/",
    "id_course": 101000004,
    "des": null
  },
  {
    "id_word": 101003136,
    "id_subject": 101000160,
    "word": "hacking",
    "mean": "thay đổi các chương trình máy tính, đột nhập vào website hay ứng dụng bảo mật để lấy thông tin",
    "example": null,
    "example_mean": null,
    "num_ef": null,
    "time_date": null,
    "next_time": null,
    "num_n": null,
    "num_i": null,
    "max_q": null,
    "phonectic": "/ˈhækɪŋ/",
    "id_course": 101000004,
    "des": null
  },
  {
    "id_word": 101003137,
    "id_subject": 101000161,
    "word": "trade",
    "mean": "mậu dịch",
    "example": null,
    "example_mean": null,
    "num_ef": null,
    "time_date": null,
    "next_time": null,
    "num_n": null,
    "num_i": null,
    "max_q": null,
    "phonectic": "/treɪd/",
    "id_course": 101000004,
    "des": null
  },
  {
    "id_word": 101003138,
    "id_subject": 101000161,
    "word": "to trade",
    "mean": "trao đổi, mua bán",
    "example": null,
    "example_mean": null,
    "num_ef": null,
    "time_date": null,
    "next_time": null,
    "num_n": null,
    "num_i": null,
    "max_q": null,
    "phonectic": null,
    "id_course": 101000004,
    "des": null
  },
  {
    "id_word": 101003139,
    "id_subject": 101000161,
    "word": "International trade",
    "mean": "mậu dịch quốc tế",
    "example": null,
    "example_mean": null,
    "num_ef": null,
    "time_date": null,
    "next_time": null,
    "num_n": null,
    "num_i": null,
    "max_q": null,
    "phonectic": null,
    "id_course": 101000004,
    "des": null
  },
  {
    "id_word": 101003140,
    "id_subject": 101000161,
    "word": "a currency",
    "mean": "tiền tệ",
    "example": null,
    "example_mean": null,
    "num_ef": null,
    "time_date": null,
    "next_time": null,
    "num_n": null,
    "num_i": null,
    "max_q": null,
    "phonectic": null,
    "id_course": 101000004,
    "des": null
  },
  {
    "id_word": 101003141,
    "id_subject": 101000161,
    "word": "a fluctuation",
    "mean": "sự rớt giá (tiền tệ)",
    "example": null,
    "example_mean": null,
    "num_ef": null,
    "time_date": null,
    "next_time": null,
    "num_n": null,
    "num_i": null,
    "max_q": null,
    "phonectic": null,
    "id_course": 101000004,
    "des": null
  },
  {
    "id_word": 101003142,
    "id_subject": 101000161,
    "word": "to fluctuate",
    "mean": "dao động",
    "example": null,
    "example_mean": null,
    "num_ef": null,
    "time_date": null,
    "next_time": null,
    "num_n": null,
    "num_i": null,
    "max_q": null,
    "phonectic": null,
    "id_course": 101000004,
    "des": null
  },
  {
    "id_word": 101003143,
    "id_subject": 101000161,
    "word": "to exchange",
    "mean": "trao đổi",
    "example": null,
    "example_mean": null,
    "num_ef": null,
    "time_date": null,
    "next_time": null,
    "num_n": null,
    "num_i": null,
    "max_q": null,
    "phonectic": null,
    "id_course": 101000004,
    "des": null
  },
  {
    "id_word": 101003144,
    "id_subject": 101000161,
    "word": "to barter",
    "mean": "trả giá",
    "example": null,
    "example_mean": null,
    "num_ef": null,
    "time_date": null,
    "next_time": null,
    "num_n": null,
    "num_i": null,
    "max_q": null,
    "phonectic": null,
    "id_course": 101000004,
    "des": null
  },
  {
    "id_word": 101003145,
    "id_subject": 101000161,
    "word": "a deal",
    "mean": "thỏa thuận mua bán",
    "example": null,
    "example_mean": null,
    "num_ef": null,
    "time_date": null,
    "next_time": null,
    "num_n": null,
    "num_i": null,
    "max_q": null,
    "phonectic": null,
    "id_course": 101000004,
    "des": null
  },
  {
    "id_word": 101003146,
    "id_subject": 101000161,
    "word": "an agreement",
    "mean": "thỏa thuận",
    "example": null,
    "example_mean": null,
    "num_ef": null,
    "time_date": null,
    "next_time": null,
    "num_n": null,
    "num_i": null,
    "max_q": null,
    "phonectic": null,
    "id_course": 101000004,
    "des": null
  },
  {
    "id_word": 101003147,
    "id_subject": 101000161,
    "word": "a contract",
    "mean": "hợp đồng",
    "example": null,
    "example_mean": null,
    "num_ef": null,
    "time_date": null,
    "next_time": null,
    "num_n": null,
    "num_i": null,
    "max_q": null,
    "phonectic": null,
    "id_course": 101000004,
    "des": null
  },
  {
    "id_word": 101003148,
    "id_subject": 101000161,
    "word": "to contract",
    "mean": "ký hợp đồng",
    "example": null,
    "example_mean": null,
    "num_ef": null,
    "time_date": null,
    "next_time": null,
    "num_n": null,
    "num_i": null,
    "max_q": null,
    "phonectic": null,
    "id_course": 101000004,
    "des": null
  },
  {
    "id_word": 101003149,
    "id_subject": 101000161,
    "word": "to negotiate",
    "mean": "thương lượng",
    "example": null,
    "example_mean": null,
    "num_ef": null,
    "time_date": null,
    "next_time": null,
    "num_n": null,
    "num_i": null,
    "max_q": null,
    "phonectic": null,
    "id_course": 101000004,
    "des": null
  },
  {
    "id_word": 101003150,
    "id_subject": 101000161,
    "word": "a negotiation",
    "mean": "quá trình thương lượng",
    "example": null,
    "example_mean": null,
    "num_ef": null,
    "time_date": null,
    "next_time": null,
    "num_n": null,
    "num_i": null,
    "max_q": null,
    "phonectic": null,
    "id_course": 101000004,
    "des": null
  },
  {
    "id_word": 101003151,
    "id_subject": 101000161,
    "word": "a border",
    "mean": "biên giới",
    "example": null,
    "example_mean": null,
    "num_ef": null,
    "time_date": null,
    "next_time": null,
    "num_n": null,
    "num_i": null,
    "max_q": null,
    "phonectic": null,
    "id_course": 101000004,
    "des": null
  },
  {
    "id_word": 101003152,
    "id_subject": 101000161,
    "word": "to ship",
    "mean": "vận tải bằng đường biển",
    "example": null,
    "example_mean": null,
    "num_ef": null,
    "time_date": null,
    "next_time": null,
    "num_n": null,
    "num_i": null,
    "max_q": null,
    "phonectic": null,
    "id_course": 101000004,
    "des": null
  },
  {
    "id_word": 101003153,
    "id_subject": 101000161,
    "word": "air freight",
    "mean": "vận tải bằng đường hàng không",
    "example": null,
    "example_mean": null,
    "num_ef": null,
    "time_date": null,
    "next_time": null,
    "num_n": null,
    "num_i": null,
    "max_q": null,
    "phonectic": null,
    "id_course": 101000004,
    "des": null
  },
  {
    "id_word": 101003154,
    "id_subject": 101000161,
    "word": "an agent (a buying agent)",
    "mean": "đại lý",
    "example": null,
    "example_mean": null,
    "num_ef": null,
    "time_date": null,
    "next_time": null,
    "num_n": null,
    "num_i": null,
    "max_q": null,
    "phonectic": null,
    "id_course": 101000004,
    "des": null
  },
  {
    "id_word": 101003155,
    "id_subject": 101000161,
    "word": "a tariff",
    "mean": "biểu thuế",
    "example": null,
    "example_mean": null,
    "num_ef": null,
    "time_date": null,
    "next_time": null,
    "num_n": null,
    "num_i": null,
    "max_q": null,
    "phonectic": null,
    "id_course": 101000004,
    "des": null
  },
  {
    "id_word": 101003156,
    "id_subject": 101000161,
    "word": "a tax",
    "mean": "thuế",
    "example": null,
    "example_mean": null,
    "num_ef": null,
    "time_date": null,
    "next_time": null,
    "num_n": null,
    "num_i": null,
    "max_q": null,
    "phonectic": null,
    "id_course": 101000004,
    "des": null
  },
  {
    "id_word": 101003157,
    "id_subject": 101000161,
    "word": "value added tax",
    "mean": "thuế giá trị gia tăng",
    "example": null,
    "example_mean": null,
    "num_ef": null,
    "time_date": null,
    "next_time": null,
    "num_n": null,
    "num_i": null,
    "max_q": null,
    "phonectic": null,
    "id_course": 101000004,
    "des": null
  },
  {
    "id_word": 101003158,
    "id_subject": 101000161,
    "word": "to tax",
    "mean": "đánh thuế",
    "example": null,
    "example_mean": null,
    "num_ef": null,
    "time_date": null,
    "next_time": null,
    "num_n": null,
    "num_i": null,
    "max_q": null,
    "phonectic": null,
    "id_course": 101000004,
    "des": null
  },
  {
    "id_word": 101003159,
    "id_subject": 101000161,
    "word": "an importer",
    "mean": "nhà nhập khẩu",
    "example": null,
    "example_mean": null,
    "num_ef": null,
    "time_date": null,
    "next_time": null,
    "num_n": null,
    "num_i": null,
    "max_q": null,
    "phonectic": null,
    "id_course": 101000004,
    "des": null
  },
  {
    "id_word": 101003160,
    "id_subject": 101000161,
    "word": "an exporter",
    "mean": "nhà xuất khẩu",
    "example": null,
    "example_mean": null,
    "num_ef": null,
    "time_date": null,
    "next_time": null,
    "num_n": null,
    "num_i": null,
    "max_q": null,
    "phonectic": null,
    "id_course": 101000004,
    "des": null
  },
  {
    "id_word": 101003161,
    "id_subject": 101000161,
    "word": "to import",
    "mean": "nhập khẩu",
    "example": null,
    "example_mean": null,
    "num_ef": null,
    "time_date": null,
    "next_time": null,
    "num_n": null,
    "num_i": null,
    "max_q": null,
    "phonectic": null,
    "id_course": 101000004,
    "des": null
  },
  {
    "id_word": 101003162,
    "id_subject": 101000161,
    "word": "to export",
    "mean": "xuất khẩu",
    "example": null,
    "example_mean": null,
    "num_ef": null,
    "time_date": null,
    "next_time": null,
    "num_n": null,
    "num_i": null,
    "max_q": null,
    "phonectic": null,
    "id_course": 101000004,
    "des": null
  },
  {
    "id_word": 101003163,
    "id_subject": 101000161,
    "word": "an import",
    "mean": "hàng được nhập khẩu",
    "example": null,
    "example_mean": null,
    "num_ef": null,
    "time_date": null,
    "next_time": null,
    "num_n": null,
    "num_i": null,
    "max_q": null,
    "phonectic": null,
    "id_course": 101000004,
    "des": null
  },
  {
    "id_word": 101003164,
    "id_subject": 101000161,
    "word": "an export",
    "mean": "vật được xuất khẩu",
    "example": null,
    "example_mean": null,
    "num_ef": null,
    "time_date": null,
    "next_time": null,
    "num_n": null,
    "num_i": null,
    "max_q": null,
    "phonectic": null,
    "id_course": 101000004,
    "des": null
  },
  {
    "id_word": 101003165,
    "id_subject": 101000161,
    "word": "goods",
    "mean": "hàng hóa",
    "example": null,
    "example_mean": null,
    "num_ef": null,
    "time_date": null,
    "next_time": null,
    "num_n": null,
    "num_i": null,
    "max_q": null,
    "phonectic": "/gʊdz/",
    "id_course": 101000004,
    "des": null
  },
  {
    "id_word": 101003166,
    "id_subject": 101000161,
    "word": "to manufacture",
    "mean": "sản xuất",
    "example": null,
    "example_mean": null,
    "num_ef": null,
    "time_date": null,
    "next_time": null,
    "num_n": null,
    "num_i": null,
    "max_q": null,
    "phonectic": null,
    "id_course": 101000004,
    "des": null
  },
  {
    "id_word": 101003167,
    "id_subject": 101000161,
    "word": "to transport",
    "mean": "vận chuyển",
    "example": null,
    "example_mean": null,
    "num_ef": null,
    "time_date": null,
    "next_time": null,
    "num_n": null,
    "num_i": null,
    "max_q": null,
    "phonectic": null,
    "id_course": 101000004,
    "des": null
  },
  {
    "id_word": 101003168,
    "id_subject": 101000161,
    "word": "a shipment",
    "mean": "hàng được chuyên chở",
    "example": null,
    "example_mean": null,
    "num_ef": null,
    "time_date": null,
    "next_time": null,
    "num_n": null,
    "num_i": null,
    "max_q": null,
    "phonectic": null,
    "id_course": 101000004,
    "des": null
  },
  {
    "id_word": 101003169,
    "id_subject": 101000161,
    "word": "a consignment",
    "mean": "vật ký gửi",
    "example": null,
    "example_mean": null,
    "num_ef": null,
    "time_date": null,
    "next_time": null,
    "num_n": null,
    "num_i": null,
    "max_q": null,
    "phonectic": null,
    "id_course": 101000004,
    "des": null
  },
  {
    "id_word": 101003170,
    "id_subject": 101000161,
    "word": "a consignee",
    "mean": "người nhận vật ký gửi",
    "example": null,
    "example_mean": null,
    "num_ef": null,
    "time_date": null,
    "next_time": null,
    "num_n": null,
    "num_i": null,
    "max_q": null,
    "phonectic": null,
    "id_course": 101000004,
    "des": null
  },
  {
    "id_word": 101003171,
    "id_subject": 101000161,
    "word": "customs",
    "mean": "hải quan",
    "example": null,
    "example_mean": null,
    "num_ef": null,
    "time_date": null,
    "next_time": null,
    "num_n": null,
    "num_i": null,
    "max_q": null,
    "phonectic": "/ˈkʌstəmz/",
    "id_course": 101000004,
    "des": null
  },
  {
    "id_word": 101003172,
    "id_subject": 101000161,
    "word": "a duty",
    "mean": "thuế hàng hóa nhập khẩu",
    "example": null,
    "example_mean": null,
    "num_ef": null,
    "time_date": null,
    "next_time": null,
    "num_n": null,
    "num_i": null,
    "max_q": null,
    "phonectic": null,
    "id_course": 101000004,
    "des": null
  },
  {
    "id_word": 101003173,
    "id_subject": 101000161,
    "word": "a delivery",
    "mean": "chuyển hàng hóa đến người mua",
    "example": null,
    "example_mean": null,
    "num_ef": null,
    "time_date": null,
    "next_time": null,
    "num_n": null,
    "num_i": null,
    "max_q": null,
    "phonectic": null,
    "id_course": 101000004,
    "des": null
  },
  {
    "id_word": 101003174,
    "id_subject": 101000161,
    "word": "a discount",
    "mean": "giảm giá",
    "example": null,
    "example_mean": null,
    "num_ef": null,
    "time_date": null,
    "next_time": null,
    "num_n": null,
    "num_i": null,
    "max_q": null,
    "phonectic": null,
    "id_course": 101000004,
    "des": null
  },
  {
    "id_word": 101003175,
    "id_subject": 101000161,
    "word": "a broker",
    "mean": "người môi giới",
    "example": null,
    "example_mean": null,
    "num_ef": null,
    "time_date": null,
    "next_time": null,
    "num_n": null,
    "num_i": null,
    "max_q": null,
    "phonectic": null,
    "id_course": 101000004,
    "des": null
  },
  {
    "id_word": 101003176,
    "id_subject": 101000161,
    "word": "a license",
    "mean": "giấy phép hành nghề",
    "example": null,
    "example_mean": null,
    "num_ef": null,
    "time_date": null,
    "next_time": null,
    "num_n": null,
    "num_i": null,
    "max_q": null,
    "phonectic": null,
    "id_course": 101000004,
    "des": null
  },
  {
    "id_word": 101003177,
    "id_subject": 101000161,
    "word": "free trade zone",
    "mean": "khu mực tự do mậu dịch",
    "example": null,
    "example_mean": null,
    "num_ef": null,
    "time_date": null,
    "next_time": null,
    "num_n": null,
    "num_i": null,
    "max_q": null,
    "phonectic": null,
    "id_course": 101000004,
    "des": null
  },
  {
    "id_word": 101003178,
    "id_subject": 101000161,
    "word": "freight forwarder",
    "mean": "người giao nhận",
    "example": null,
    "example_mean": null,
    "num_ef": null,
    "time_date": null,
    "next_time": null,
    "num_n": null,
    "num_i": null,
    "max_q": null,
    "phonectic": null,
    "id_course": 101000004,
    "des": null
  },
  {
    "id_word": 101003179,
    "id_subject": 101000161,
    "word": "a quota",
    "mean": "chỉ tiêu",
    "example": null,
    "example_mean": null,
    "num_ef": null,
    "time_date": null,
    "next_time": null,
    "num_n": null,
    "num_i": null,
    "max_q": null,
    "phonectic": null,
    "id_course": 101000004,
    "des": null
  },
  {
    "id_word": 101003180,
    "id_subject": 101000161,
    "word": "a bill of lading",
    "mean": "vận đơn đường biển (chứng từ về thỏa thuận giữa nhà xuất khẩu và nhà vận chuyển hàng hóa)",
    "example": null,
    "example_mean": null,
    "num_ef": null,
    "time_date": null,
    "next_time": null,
    "num_n": null,
    "num_i": null,
    "max_q": null,
    "phonectic": null,
    "id_course": 101000004,
    "des": null
  },
  {
    "id_word": 101003181,
    "id_subject": 101000161,
    "word": "customs officer",
    "mean": "nhân viên hải quan",
    "example": null,
    "example_mean": null,
    "num_ef": null,
    "time_date": null,
    "next_time": null,
    "num_n": null,
    "num_i": null,
    "max_q": null,
    "phonectic": null,
    "id_course": 101000004,
    "des": null
  },
  {
    "id_word": 101003182,
    "id_subject": 101000161,
    "word": "to inspect",
    "mean": "thanh tra",
    "example": null,
    "example_mean": null,
    "num_ef": null,
    "time_date": null,
    "next_time": null,
    "num_n": null,
    "num_i": null,
    "max_q": null,
    "phonectic": null,
    "id_course": 101000004,
    "des": null
  },
  {
    "id_word": 101003183,
    "id_subject": 101000161,
    "word": "to seize",
    "mean": "tịch thu",
    "example": null,
    "example_mean": null,
    "num_ef": null,
    "time_date": null,
    "next_time": null,
    "num_n": null,
    "num_i": null,
    "max_q": null,
    "phonectic": null,
    "id_course": 101000004,
    "des": null
  }
]