[
  {
    "name": "Part 1",
    "id": 101000162,
    "id_course": 101000005,
    "mean": null,
    "total": 20,
    "num_word": null,
    "time_date": null
  },
  {
    "name": "Part 2",
    "id": 101000163,
    "id_course": 101000005,
    "mean": null,
    "total": 10,
    "num_word": null,
    "time_date": null
  },
  {
    "name": "Part 3",
    "id": 101000164,
    "id_course": 101000005,
    "mean": null,
    "total": 10,
    "num_word": null,
    "time_date": null
  },
  {
    "name": "Part 4",
    "id": 101000165,
    "id_course": 101000005,
    "mean": null,
    "total": 10,
    "num_word": null,
    "time_date": null
  },
  {
    "name": "Part 5",
    "id": 101000166,
    "id_course": 101000005,
    "mean": null,
    "total": 10,
    "num_word": null,
    "time_date": null
  },
  {
    "name": "Part 6",
    "id": 101000167,
    "id_course": 101000005,
    "mean": null,
    "total": 10,
    "num_word": null,
    "time_date": null
  },
  {
    "name": "Part 7",
    "id": 101000168,
    "id_course": 101000005,
    "mean": null,
    "total": 10,
    "num_word": null,
    "time_date": null
  },
  {
    "name": "Part 8",
    "id": 101000169,
    "id_course": 101000005,
    "mean": null,
    "total": 10,
    "num_word": null,
    "time_date": null
  },
  {
    "name": "Part 9",
    "id": 101000170,
    "id_course": 101000005,
    "mean": null,
    "total": 10,
    "num_word": null,
    "time_date": null
  },
  {
    "name": "Part 10",
    "id": 101000171,
    "id_course": 101000005,
    "mean": null,
    "total": 10,
    "num_word": null,
    "time_date": null
  },
  {
    "name": "Part 11",
    "id": 101000172,
    "id_course": 101000005,
    "mean": null,
    "total": 10,
    "num_word": null,
    "time_date": null
  },
  {
    "name": "Part 12",
    "id": 101000173,
    "id_course": 101000005,
    "mean": null,
    "total": 10,
    "num_word": null,
    "time_date": null
  },
  {
    "name": "Part 13",
    "id": 101000174,
    "id_course": 101000005,
    "mean": null,
    "total": 10,
    "num_word": null,
    "time_date": null
  },
  {
    "name": "Part 14",
    "id": 101000175,
    "id_course": 101000005,
    "mean": null,
    "total": 10,
    "num_word": null,
    "time_date": null
  },
  {
    "name": "Part 15",
    "id": 101000176,
    "id_course": 101000005,
    "mean": null,
    "total": 10,
    "num_word": null,
    "time_date": null
  },
  {
    "name": "Part 16",
    "id": 101000177,
    "id_course": 101000005,
    "mean": null,
    "total": 10,
    "num_word": null,
    "time_date": null
  },
  {
    "name": "Part 17",
    "id": 101000178,
    "id_course": 101000005,
    "mean": null,
    "total": 10,
    "num_word": null,
    "time_date": null
  },
  {
    "name": "Part 18",
    "id": 101000179,
    "id_course": 101000005,
    "mean": null,
    "total": 10,
    "num_word": null,
    "time_date": null
  },
  {
    "name": "Part 19",
    "id": 101000180,
    "id_course": 101000005,
    "mean": null,
    "total": 10,
    "num_word": null,
    "time_date": null
  },
  {
    "name": "Part 20",
    "id": 101000181,
    "id_course": 101000005,
    "mean": null,
    "total": 10,
    "num_word": null,
    "time_date": null
  },
  {
    "name": "Part 21",
    "id": 101000182,
    "id_course": 101000005,
    "mean": null,
    "total": 10,
    "num_word": null,
    "time_date": null
  },
  {
    "name": "Part 22",
    "id": 101000183,
    "id_course": 101000005,
    "mean": null,
    "total": 10,
    "num_word": null,
    "time_date": null
  },
  {
    "name": "Part 23",
    "id": 101000184,
    "id_course": 101000005,
    "mean": null,
    "total": 10,
    "num_word": null,
    "time_date": null
  },
  {
    "name": "Part 24",
    "id": 101000185,
    "id_course": 101000005,
    "mean": null,
    "total": 10,
    "num_word": null,
    "time_date": null
  },
  {
    "name": "Part 25",
    "id": 101000186,
    "id_course": 101000005,
    "mean": null,
    "total": 10,
    "num_word": null,
    "time_date": null
  },
  {
    "name": "Part 26",
    "id": 101000187,
    "id_course": 101000005,
    "mean": null,
    "total": 10,
    "num_word": null,
    "time_date": null
  },
  {
    "name": "Part 27",
    "id": 101000188,
    "id_course": 101000005,
    "mean": null,
    "total": 10,
    "num_word": null,
    "time_date": null
  },
  {
    "name": "Part 28",
    "id": 101000189,
    "id_course": 101000005,
    "mean": null,
    "total": 10,
    "num_word": null,
    "time_date": null
  },
  {
    "name": "Part 29",
    "id": 101000190,
    "id_course": 101000005,
    "mean": null,
    "total": 10,
    "num_word": null,
    "time_date": null
  }
]