[
  {
    "name": "1-10",
    "id": 101000114,
    "id_course": 101000002,
    "mean": null,
    "total": 10,
    "num_word": null,
    "time_date": null
  },
  {
    "name": "11-20",
    "id": 101000115,
    "id_course": 101000002,
    "mean": null,
    "total": 10,
    "num_word": null,
    "time_date": null
  },
  {
    "name": "21-50",
    "id": 101000116,
    "id_course": 101000002,
    "mean": null,
    "total": 30,
    "num_word": null,
    "time_date": null
  },
  {
    "name": "51-100",
    "id": 101000117,
    "id_course": 101000002,
    "mean": null,
    "total": 50,
    "num_word": null,
    "time_date": null
  },
  {
    "name": "101-150",
    "id": 101000118,
    "id_course": 101000002,
    "mean": null,
    "total": 50,
    "num_word": null,
    "time_date": null
  },
  {
    "name": "151-200",
    "id": 101000119,
    "id_course": 101000002,
    "mean": null,
    "total": 50,
    "num_word": null,
    "time_date": null
  },
  {
    "name": "201-250",
    "id": 101000120,
    "id_course": 101000002,
    "mean": null,
    "total": 50,
    "num_word": null,
    "time_date": null
  },
  {
    "name": "251-300",
    "id": 101000121,
    "id_course": 101000002,
    "mean": null,
    "total": 50,
    "num_word": null,
    "time_date": null
  },
  {
    "name": "301-350",
    "id": 101000122,
    "id_course": 101000002,
    "mean": null,
    "total": 50,
    "num_word": null,
    "time_date": null
  },
  {
    "name": "351-400",
    "id": 101000123,
    "id_course": 101000002,
    "mean": null,
    "total": 50,
    "num_word": null,
    "time_date": null
  },
  {
    "name": "401-450",
    "id": 101000124,
    "id_course": 101000002,
    "mean": null,
    "total": 50,
    "num_word": null,
    "time_date": null
  },
  {
    "name": "451-500",
    "id": 101000125,
    "id_course": 101000002,
    "mean": null,
    "total": 50,
    "num_word": null,
    "time_date": null
  },
  {
    "name": "501-550",
    "id": 101000126,
    "id_course": 101000002,
    "mean": null,
    "total": 50,
    "num_word": null,
    "time_date": null
  },
  {
    "name": "551-600",
    "id": 101000127,
    "id_course": 101000002,
    "mean": null,
    "total": 50,
    "num_word": null,
    "time_date": null
  },
  {
    "name": "601-650",
    "id": 101000128,
    "id_course": 101000002,
    "mean": null,
    "total": 50,
    "num_word": null,
    "time_date": null
  },
  {
    "name": "651-700",
    "id": 101000129,
    "id_course": 101000002,
    "mean": null,
    "total": 50,
    "num_word": null,
    "time_date": null
  },
  {
    "name": "701-750",
    "id": 101000130,
    "id_course": 101000002,
    "mean": null,
    "total": 50,
    "num_word": null,
    "time_date": null
  },
  {
    "name": "751-800",
    "id": 101000131,
    "id_course": 101000002,
    "mean": null,
    "total": 50,
    "num_word": null,
    "time_date": null
  },
  {
    "name": "801-850",
    "id": 101000132,
    "id_course": 101000002,
    "mean": null,
    "total": 50,
    "num_word": null,
    "time_date": null
  },
  {
    "name": "851-900",
    "id": 101000133,
    "id_course": 101000002,
    "mean": null,
    "total": 50,
    "num_word": null,
    "time_date": null
  },
  {
    "name": "901-950",
    "id": 101000134,
    "id_course": 101000002,
    "mean": null,
    "total": 50,
    "num_word": null,
    "time_date": null
  },
  {
    "name": "951-1000",
    "id": 101000135,
    "id_course": 101000002,
    "mean": null,
    "total": 50,
    "num_word": null,
    "time_date": null
  }
]