[
  {
    "name": "Contracts",
    "id": 101000258,
    "id_course": 101000008,
    "mean": null,
    "total": 12,
    "num_word": null,
    "time_date": null
  },
  {
    "name": "Marketing",
    "id": 101000259,
    "id_course": 101000008,
    "mean": null,
    "total": 12,
    "num_word": null,
    "time_date": null
  },
  {
    "name": "Warranties",
    "id": 101000260,
    "id_course": 101000008,
    "mean": null,
    "total": 12,
    "num_word": null,
    "time_date": null
  },
  {
    "name": "Business Planning",
    "id": 101000261,
    "id_course": 101000008,
    "mean": null,
    "total": 12,
    "num_word": null,
    "time_date": null
  },
  {
    "name": "Conferences",
    "id": 101000262,
    "id_course": 101000008,
    "mean": null,
    "total": 12,
    "num_word": null,
    "time_date": null
  },
  {
    "name": "Computers & the Internet",
    "id": 101000263,
    "id_course": 101000008,
    "mean": null,
    "total": 12,
    "num_word": null,
    "time_date": null
  },
  {
    "name": "Office Technology",
    "id": 101000264,
    "id_course": 101000008,
    "mean": null,
    "total": 12,
    "num_word": null,
    "time_date": null
  },
  {
    "name": "Office Procedures",
    "id": 101000265,
    "id_course": 101000008,
    "mean": null,
    "total": 12,
    "num_word": null,
    "time_date": null
  },
  {
    "name": "Electronics",
    "id": 101000266,
    "id_course": 101000008,
    "mean": null,
    "total": 12,
    "num_word": null,
    "time_date": null
  },
  {
    "name": "Correspondence",
    "id": 101000267,
    "id_course": 101000008,
    "mean": null,
    "total": 12,
    "num_word": null,
    "time_date": null
  },
  {
    "name": "Job Ads & Recruitment",
    "id": 101000268,
    "id_course": 101000008,
    "mean": null,
    "total": 12,
    "num_word": null,
    "time_date": null
  },
  {
    "name": "Apply and Interviewing",
    "id": 101000269,
    "id_course": 101000008,
    "mean": null,
    "total": 12,
    "num_word": null,
    "time_date": null
  },
  {
    "name": "Hiring and Training",
    "id": 101000270,
    "id_course": 101000008,
    "mean": null,
    "total": 12,
    "num_word": null,
    "time_date": null
  },
  {
    "name": "Salaries & Benefits",
    "id": 101000271,
    "id_course": 101000008,
    "mean": null,
    "total": 12,
    "num_word": null,
    "time_date": null
  },
  {
    "name": "Promotions & Awards",
    "id": 101000272,
    "id_course": 101000008,
    "mean": null,
    "total": 12,
    "num_word": null,
    "time_date": null
  },
  {
    "name": "Shopping",
    "id": 101000273,
    "id_course": 101000008,
    "mean": null,
    "total": 12,
    "num_word": null,
    "time_date": null
  },
  {
    "name": "Ordering Supplies",
    "id": 101000274,
    "id_course": 101000008,
    "mean": null,
    "total": 12,
    "num_word": null,
    "time_date": null
  },
  {
    "name": "Shipping",
    "id": 101000275,
    "id_course": 101000008,
    "mean": null,
    "total": 12,
    "num_word": null,
    "time_date": null
  },
  {
    "name": "Invoices",
    "id": 101000276,
    "id_course": 101000008,
    "mean": null,
    "total": 12,
    "num_word": null,
    "time_date": null
  },
  {
    "name": "Inventory",
    "id": 101000277,
    "id_course": 101000008,
    "mean": null,
    "total": 12,
    "num_word": null,
    "time_date": null
  },
  {
    "name": "Banking",
    "id": 101000278,
    "id_course": 101000008,
    "mean": null,
    "total": 12,
    "num_word": null,
    "time_date": null
  },
  {
    "name": "Accounting",
    "id": 101000279,
    "id_course": 101000008,
    "mean": null,
    "total": 12,
    "num_word": null,
    "time_date": null
  },
  {
    "name": "Investments",
    "id": 101000280,
    "id_course": 101000008,
    "mean": null,
    "total": 12,
    "num_word": null,
    "time_date": null
  },
  {
    "name": "Taxes",
    "id": 101000281,
    "id_course": 101000008,
    "mean": null,
    "total": 12,
    "num_word": null,
    "time_date": null
  },
  {
    "name": "Financial Statements",
    "id": 101000282,
    "id_course": 101000008,
    "mean": null,
    "total": 12,
    "num_word": null,
    "time_date": null
  },
  {
    "name": "Property & Departments",
    "id": 101000283,
    "id_course": 101000008,
    "mean": null,
    "total": 12,
    "num_word": null,
    "time_date": null
  },
  {
    "name": "Board Meeting",
    "id": 101000284,
    "id_course": 101000008,
    "mean": null,
    "total": 12,
    "num_word": null,
    "time_date": null
  },
  {
    "name": "Quality Control",
    "id": 101000285,
    "id_course": 101000008,
    "mean": null,
    "total": 12,
    "num_word": null,
    "time_date": null
  },
  {
    "name": "Product Development",
    "id": 101000286,
    "id_course": 101000008,
    "mean": null,
    "total": 12,
    "num_word": null,
    "time_date": null
  },
  {
    "name": "Renting & Leasing",
    "id": 101000287,
    "id_course": 101000008,
    "mean": null,
    "total": 12,
    "num_word": null,
    "time_date": null
  },
  {
    "name": "Selecting A Restaurant",
    "id": 101000288,
    "id_course": 101000008,
    "mean": null,
    "total": 12,
    "num_word": null,
    "time_date": null
  },
  {
    "name": "Eating Out",
    "id": 101000289,
    "id_course": 101000008,
    "mean": null,
    "total": 12,
    "num_word": null,
    "time_date": null
  },
  {
    "name": "Ordering Lunch",
    "id": 101000290,
    "id_course": 101000008,
    "mean": null,
    "total": 12,
    "num_word": null,
    "time_date": null
  },
  {
    "name": "Cooking As A Career",
    "id": 101000291,
    "id_course": 101000008,
    "mean": null,
    "total": 12,
    "num_word": null,
    "time_date": null
  },
  {
    "name": "Events",
    "id": 101000292,
    "id_course": 101000008,
    "mean": null,
    "total": 12,
    "num_word": null,
    "time_date": null
  },
  {
    "name": "General Travel",
    "id": 101000293,
    "id_course": 101000008,
    "mean": null,
    "total": 12,
    "num_word": null,
    "time_date": null
  },
  {
    "name": "Airlines",
    "id": 101000294,
    "id_course": 101000008,
    "mean": null,
    "total": 12,
    "num_word": null,
    "time_date": null
  },
  {
    "name": "Trains",
    "id": 101000295,
    "id_course": 101000008,
    "mean": null,
    "total": 12,
    "num_word": null,
    "time_date": null
  },
  {
    "name": "Hotels",
    "id": 101000296,
    "id_course": 101000008,
    "mean": null,
    "total": 12,
    "num_word": null,
    "time_date": null
  },
  {
    "name": "Car Rentals",
    "id": 101000297,
    "id_course": 101000008,
    "mean": null,
    "total": 12,
    "num_word": null,
    "time_date": null
  },
  {
    "name": "Movies",
    "id": 101000298,
    "id_course": 101000008,
    "mean": null,
    "total": 12,
    "num_word": null,
    "time_date": null
  },
  {
    "name": "Theater",
    "id": 101000299,
    "id_course": 101000008,
    "mean": null,
    "total": 12,
    "num_word": null,
    "time_date": null
  },
  {
    "name": "Music",
    "id": 101000300,
    "id_course": 101000008,
    "mean": null,
    "total": 12,
    "num_word": null,
    "time_date": null
  },
  {
    "name": "Museums",
    "id": 101000301,
    "id_course": 101000008,
    "mean": null,
    "total": 12,
    "num_word": null,
    "time_date": null
  },
  {
    "name": "Media",
    "id": 101000302,
    "id_course": 101000008,
    "mean": null,
    "total": 12,
    "num_word": null,
    "time_date": null
  },
  {
    "name": "Doctor's Office",
    "id": 101000303,
    "id_course": 101000008,
    "mean": null,
    "total": 12,
    "num_word": null,
    "time_date": null
  },
  {
    "name": "Dentist's Office",
    "id": 101000304,
    "id_course": 101000008,
    "mean": null,
    "total": 12,
    "num_word": null,
    "time_date": null
  },
  {
    "name": "Health",
    "id": 101000305,
    "id_course": 101000008,
    "mean": null,
    "total": 12,
    "num_word": null,
    "time_date": null
  },
  {
    "name": "Hopitals",
    "id": 101000306,
    "id_course": 101000008,
    "mean": null,
    "total": 12,
    "num_word": null,
    "time_date": null
  },
  {
    "name": "Pharmacy",
    "id": 101000307,
    "id_course": 101000008,
    "mean": null,
    "total": 12,
    "num_word": null,
    "time_date": null
  }
]